customer_id,customer_name,email,country,signup_date,is_active,created_at
1,Robert Simmons,christine06@example.com,Germany,2023-06-21,True,2025-10-19 18:15:18.040517
2,Gregory Gibson,bennettsusan@example.org,Australia,2025-04-02,True,2025-10-19 18:15:18.040517
3,Michael Gonzalez,aaronlynch@example.org,France,2023-02-12,False,2025-10-19 18:15:18.041514
4,Christine Smith,cynthiarussell@example.org,Japan,2024-08-20,True,2025-10-19 18:15:18.041514
5,Amanda Terry,tammyhill@example.com,France,2025-06-12,True,2025-10-19 18:15:18.041514
6,Alyssa Arnold,uroberts@example.com,Germany,2025-05-30,True,2025-10-19 18:15:18.042513
7,Maria Oliver,zkim@example.net,Germany,2024-10-16,True,2025-10-19 18:15:18.042513
8,Anthony Peters,cookanthony@example.com,Canada,2024-05-13,True,2025-10-19 18:15:18.042513
9,Gina Chavez,tina72@example.org,Canada,2022-12-29,True,2025-10-19 18:15:18.043513
10,Jennifer Scott,kaylamarshall@example.net,USA,2023-01-24,True,2025-10-19 18:15:18.043513
11,Kelly Cox,yolandawilson@example.com,USA,2023-06-20,True,2025-10-19 18:15:18.043513
12,Jamie Gonzales,rcampbell@example.com,USA,2024-01-21,True,2025-10-19 18:15:18.043513
13,Timothy Grant,jasoncastaneda@example.net,USA,2023-03-16,True,2025-10-19 18:15:18.044513
14,Jay Cox,halldonald@example.net,UK,2025-10-09,True,2025-10-19 18:15:18.044513
15,Hannah Cook,brownchristian@example.org,Japan,2023-06-27,True,2025-10-19 18:15:18.044513
16,Brian Parrish,michael87@example.org,Canada,2025-07-17,True,2025-10-19 18:15:18.045513
17,Richard Williams,michael89@example.net,France,2025-03-23,True,2025-10-19 18:15:18.045513
18,Michael Little,keith41@example.com,Germany,2024-09-07,False,2025-10-19 18:15:18.045513
19,Dustin Stark,webbvanessa@example.org,France,2023-01-06,True,2025-10-19 18:15:18.045513
20,Diana Mullins,garciacasey@example.com,Germany,2022-11-04,True,2025-10-19 18:15:18.046513
21,Patrick Brown,connor36@example.org,UK,2024-11-14,True,2025-10-19 18:15:18.046513
22,Cynthia Brooks,ldaniel@example.org,UK,2025-02-28,True,2025-10-19 18:15:18.046513
23,Stacy Lynch,melissawhite@example.org,France,2025-07-26,True,2025-10-19 18:15:18.046513
24,Tracy Lyons,ryan18@example.org,UK,2023-10-13,False,2025-10-19 18:15:18.047512
25,Andrea Jones MD,diane79@example.org,France,2023-07-10,True,2025-10-19 18:15:18.047512
26,Bradley Michael,diane72@example.org,France,2022-11-20,True,2025-10-19 18:15:18.047512
27,Erika Jones,mcgrathyvette@example.org,Canada,2024-09-09,True,2025-10-19 18:15:18.047512
28,Lisa Harper,khuffman@example.org,USA,2023-02-28,True,2025-10-19 18:15:18.048512
29,Karl Bean,ashley16@example.com,Japan,2024-06-11,True,2025-10-19 18:15:18.048512
30,Olivia Sexton,patriciathomas@example.org,France,2024-09-26,True,2025-10-19 18:15:18.048512
31,Jerry Santiago,cdavis@example.com,Germany,2023-03-21,True,2025-10-19 18:15:18.048512
32,John Riddle,levychristy@example.org,Australia,2023-06-08,True,2025-10-19 18:15:18.049513
33,Michelle Hernandez PhD,wilsonpatrick@example.net,Japan,2024-03-25,True,2025-10-19 18:15:18.049513
34,Laura Gay,rileyapril@example.org,Canada,2025-06-14,True,2025-10-19 18:15:18.050515
35,Angela Ramos,joneskaitlyn@example.org,Germany,2023-07-13,False,2025-10-19 18:15:18.050515
36,Melissa Walker,natasha97@example.com,UK,2023-03-16,False,2025-10-19 18:15:18.050515
37,Amber Tapia,stephaniehall@example.org,USA,2023-03-10,True,2025-10-19 18:15:18.051515
38,Steven Jackson,amanda30@example.net,Japan,2023-12-23,True,2025-10-19 18:15:18.051515
39,Amanda Bass,dominicsmith@example.com,Canada,2023-06-06,True,2025-10-19 18:15:18.051515
40,Charles Garrison,paul30@example.org,France,2023-08-23,True,2025-10-19 18:15:18.052513
41,Chelsea Wolfe,vargasjennifer@example.com,Germany,2025-04-08,True,2025-10-19 18:15:18.052513
42,Aaron Sullivan,kimberly41@example.com,UK,2023-07-10,True,2025-10-19 18:15:18.052513
43,Michelle Hill,crystal00@example.org,Japan,2025-08-02,True,2025-10-19 18:15:18.052513
44,Reginald Peterson,oliviawhite@example.com,Germany,2024-02-25,True,2025-10-19 18:15:18.053514
45,Heather Rivera,jennagarcia@example.com,Australia,2023-04-20,True,2025-10-19 18:15:18.053514
46,Jeffrey Harding,svazquez@example.net,UK,2023-09-19,True,2025-10-19 18:15:18.053514
47,Heather Ford,thompsonchad@example.net,Australia,2025-09-04,True,2025-10-19 18:15:18.054514
48,Cody Mack,martinezmichael@example.com,Japan,2025-08-12,True,2025-10-19 18:15:18.054514
49,Emily Lewis,ubaker@example.org,Australia,2022-11-26,True,2025-10-19 18:15:18.054514
50,Madeline Rose,smithjohn@example.net,Germany,2022-12-12,True,2025-10-19 18:15:18.054514
51,Melanie Ellis,monica71@example.net,Canada,2023-08-10,True,2025-10-19 18:15:18.055514
52,Gary Estes,lewisanthony@example.com,Canada,2023-08-21,True,2025-10-19 18:15:18.055514
53,Danielle Lopez MD,copelandjeffery@example.net,Japan,2023-04-28,False,2025-10-19 18:15:18.055514
54,Crystal Lyons,michael15@example.net,UK,2025-03-31,True,2025-10-19 18:15:18.056517
55,Jane Jones,byoder@example.org,Japan,2022-12-27,True,2025-10-19 18:15:18.056517
56,Rachael Cruz,rlopez@example.net,Germany,2022-11-25,True,2025-10-19 18:15:18.056517
57,Alexander Martinez,jamesmckay@example.net,Germany,2025-08-10,True,2025-10-19 18:15:18.057518
58,Joseph Rivera,andrew43@example.com,France,2022-10-21,True,2025-10-19 18:15:18.057518
59,Ryan Wheeler,garnermatthew@example.org,Japan,2025-01-15,True,2025-10-19 18:15:18.058536
60,Cheryl Campbell,xcarter@example.net,France,2023-12-30,True,2025-10-19 18:15:18.058536
61,Martin Trujillo,danielmiller@example.org,UK,2024-03-31,True,2025-10-19 18:15:18.058536
62,Jessica Palmer,mooremichael@example.com,Germany,2023-07-04,True,2025-10-19 18:15:18.059517
63,Samantha Frank,deanna62@example.com,USA,2024-07-18,False,2025-10-19 18:15:18.059517
64,Kenneth Gomez,parkerdanielle@example.org,Germany,2024-04-27,True,2025-10-19 18:15:18.059517
65,Ms. Heather Gill,james01@example.net,France,2024-09-26,True,2025-10-19 18:15:18.060514
66,Shannon Potter,burnsmargaret@example.com,USA,2025-06-09,True,2025-10-19 18:15:18.060514
67,Brian Petty,riveraanthony@example.com,Japan,2024-12-11,True,2025-10-19 18:15:18.060514
68,Mark Wilson,gonzalesjoshua@example.org,Australia,2025-04-13,True,2025-10-19 18:15:18.061523
69,Michelle Snyder,crystal66@example.net,Canada,2022-12-27,True,2025-10-19 18:15:18.061523
70,Wyatt Chandler,swansonrachel@example.com,Germany,2024-09-08,True,2025-10-19 18:15:18.061523
71,Melody Simmons,deniselivingston@example.net,Canada,2023-12-04,True,2025-10-19 18:15:18.062523
72,James Monroe,jbarnes@example.org,UK,2024-08-10,True,2025-10-19 18:15:18.062523
73,Scott Fox,zimmermanashley@example.org,Australia,2024-03-17,True,2025-10-19 18:15:18.062523
74,Curtis Mcguire,graypaul@example.org,Canada,2025-02-07,True,2025-10-19 18:15:18.063523
75,Rebecca Wallace MD,merrittkathleen@example.com,France,2025-05-16,True,2025-10-19 18:15:18.063523
76,Elijah Graham,joseph50@example.org,Japan,2023-12-21,True,2025-10-19 18:15:18.063523
77,Raymond Mckay,sarah69@example.org,Germany,2024-07-02,True,2025-10-19 18:15:18.064544
78,Brian Ramirez,jenkinsruben@example.net,Japan,2023-09-19,False,2025-10-19 18:15:18.064544
79,Alexander Hammond,vkim@example.org,Australia,2024-02-16,False,2025-10-19 18:15:18.064544
80,Marc Smith,angela56@example.net,USA,2024-05-20,True,2025-10-19 18:15:18.065522
81,Carrie Gonzalez,sallypierce@example.com,UK,2024-06-16,True,2025-10-19 18:15:18.065522
82,Steven Davis,hliu@example.org,Japan,2023-05-23,True,2025-10-19 18:15:18.065522
83,Michael Higgins,christine58@example.net,Canada,2023-03-19,True,2025-10-19 18:15:18.066523
84,Justin Wilson,jonesaaron@example.com,Japan,2022-12-21,True,2025-10-19 18:15:18.066523
85,Daniel Meyers,charleshernandez@example.org,Japan,2024-03-24,True,2025-10-19 18:15:18.066523
86,Robert Thomas,kennethwinters@example.com,Japan,2025-08-20,True,2025-10-19 18:15:18.067523
87,Yolanda Cardenas,richardwilson@example.org,Canada,2024-02-29,True,2025-10-19 18:15:18.067523
88,Michael Ramos,ycordova@example.org,Australia,2025-08-04,True,2025-10-19 18:15:18.068523
89,Andrew Coleman,thomascook@example.com,USA,2023-08-31,True,2025-10-19 18:15:18.068523
90,Audrey Walter,palmerjennifer@example.com,France,2023-02-24,True,2025-10-19 18:15:18.068523
91,Denise Robinson,jpadilla@example.org,Japan,2024-04-19,True,2025-10-19 18:15:18.069523
92,Ryan Hickman,josephmorgan@example.net,France,2024-01-10,True,2025-10-19 18:15:18.069523
93,Stephanie Young,rileywilliam@example.net,Canada,2023-09-24,False,2025-10-19 18:15:18.069523
94,Travis Atkins,cathy32@example.com,Canada,2023-02-16,True,2025-10-19 18:15:18.069523
95,Patricia Grant,boltonkyle@example.org,Canada,2023-04-08,True,2025-10-19 18:15:18.070522
96,Lori Wade,woodwardshaun@example.net,Canada,2025-03-19,True,2025-10-19 18:15:18.070522
97,Amy Reid,vwalters@example.org,UK,2022-11-28,True,2025-10-19 18:15:18.070522
98,Tanya Taylor,iferrell@example.com,France,2025-07-13,True,2025-10-19 18:15:18.071523
99,Mrs. Jessica Horton,xstanley@example.com,USA,2023-03-23,True,2025-10-19 18:15:18.071523
100,Caroline Baldwin,williamspaul@example.org,France,2024-03-04,True,2025-10-19 18:15:18.071523
101,Mark Brown,mezachad@example.org,USA,2023-08-18,True,2025-10-19 18:15:18.071523
102,Vanessa Harding,lori89@example.net,USA,2023-07-20,True,2025-10-19 18:15:18.072522
103,James Miller,vmclaughlin@example.com,Canada,2025-08-03,True,2025-10-19 18:15:18.072522
104,James Garcia,hansondavid@example.org,USA,2023-06-23,True,2025-10-19 18:15:18.072522
105,Sara Flores,rachelsteele@example.net,France,2025-03-05,True,2025-10-19 18:15:18.073523
106,Morgan Diaz,wrodriguez@example.net,USA,2025-05-18,False,2025-10-19 18:15:18.074281
107,Beverly Davis,tmcneil@example.com,Japan,2024-11-09,True,2025-10-19 18:15:18.074281
108,Zachary Cohen,tparker@example.org,Canada,2023-07-25,True,2025-10-19 18:15:18.074803
109,Todd Ferrell,charles34@example.org,Australia,2023-03-04,True,2025-10-19 18:15:18.075328
110,James Ford,hvillanueva@example.net,UK,2022-12-31,True,2025-10-19 18:15:18.075328
111,James Hinton,meyerfrank@example.com,Canada,2025-09-16,True,2025-10-19 18:15:18.075846
112,Meagan Smith,desiree65@example.net,Germany,2023-06-03,True,2025-10-19 18:15:18.075846
113,James Brown,kimbaxter@example.org,Australia,2024-09-04,True,2025-10-19 18:15:18.076377
114,Lisa Jensen,kennedyjennifer@example.net,Japan,2024-09-17,True,2025-10-19 18:15:18.076903
115,Stacey Mcdaniel,brandy08@example.com,Japan,2024-09-07,True,2025-10-19 18:15:18.076903
116,Mr. David Davis,jacob99@example.org,UK,2024-08-17,True,2025-10-19 18:15:18.076903
117,Allison Brown,mhull@example.org,Canada,2024-09-07,True,2025-10-19 18:15:18.077433
118,Daniel Frost,yangholly@example.net,Japan,2023-01-21,True,2025-10-19 18:15:18.077976
119,Sara Jones,bryanball@example.com,Canada,2025-03-09,True,2025-10-19 18:15:18.077976
120,David Oconnor,stonebernard@example.net,France,2023-07-23,True,2025-10-19 18:15:18.078546
121,Jeffrey Gallegos,shellylewis@example.com,Germany,2023-02-01,True,2025-10-19 18:15:18.079111
122,William Norman,lopezdavid@example.net,Australia,2025-03-06,True,2025-10-19 18:15:18.079111
123,Troy Harris,dorissanders@example.com,UK,2024-11-25,True,2025-10-19 18:15:18.079679
124,Brett Thomas,jennifer78@example.com,Japan,2023-06-08,True,2025-10-19 18:15:18.079679
125,Jill Davis,jessicafinley@example.com,Australia,2023-04-13,True,2025-10-19 18:15:18.080303
126,Stephen Brooks,karenfitzgerald@example.com,Germany,2023-03-09,True,2025-10-19 18:15:18.080303
127,Kimberly Stevens,stacyshaffer@example.net,UK,2022-12-16,False,2025-10-19 18:15:18.080840
128,Emily Thompson,zwilson@example.net,Canada,2024-05-13,True,2025-10-19 18:15:18.081437
129,Thomas Wise,vincenthunter@example.org,Japan,2025-01-28,True,2025-10-19 18:15:18.082007
130,Amber Gates,krystal82@example.com,Japan,2025-08-02,True,2025-10-19 18:15:18.082007
131,Robert Hopkins,mandystanton@example.com,Canada,2023-09-03,True,2025-10-19 18:15:18.082577
132,Monica Bryant,kimberly47@example.net,Australia,2025-06-04,False,2025-10-19 18:15:18.082577
133,Linda Barton,millernichole@example.net,USA,2023-02-18,True,2025-10-19 18:15:18.083184
134,Brooke Singleton,melissa31@example.com,Japan,2023-12-05,True,2025-10-19 18:15:18.083717
135,Zachary Harvey,craigadams@example.com,France,2025-09-10,True,2025-10-19 18:15:18.083717
136,Jeffery Garcia,xnewman@example.net,France,2024-10-04,True,2025-10-19 18:15:18.084257
137,John Salinas,lauren56@example.com,Japan,2023-11-17,True,2025-10-19 18:15:18.084257
138,John Brown,mdrake@example.net,Japan,2025-01-18,False,2025-10-19 18:15:18.084794
139,April Ross,katherine14@example.net,Germany,2024-01-22,True,2025-10-19 18:15:18.085326
140,Wendy Phillips,sthornton@example.org,Germany,2023-08-18,True,2025-10-19 18:15:18.085326
141,Cynthia Davila,karenmason@example.org,USA,2023-12-27,True,2025-10-19 18:15:18.085854
142,Christine Jones,janet44@example.net,Canada,2023-11-24,True,2025-10-19 18:15:18.085854
143,Ronald Lane,katiewilliams@example.com,Japan,2023-11-10,True,2025-10-19 18:15:18.086384
144,Jessica Smith,pamelasmith@example.org,Australia,2024-03-14,True,2025-10-19 18:15:18.086912
145,David Jimenez,crystal59@example.com,Canada,2022-11-13,True,2025-10-19 18:15:18.086912
146,Samantha Miller,tina77@example.net,Germany,2024-06-23,True,2025-10-19 18:15:18.086912
147,Angela Boyle,woodardtimothy@example.com,UK,2025-02-01,True,2025-10-19 18:15:18.087439
148,Natasha Rogers,richard00@example.org,Germany,2025-09-04,False,2025-10-19 18:15:18.087979
149,Robert Mason,epeck@example.com,UK,2025-07-26,True,2025-10-19 18:15:18.087979
150,Randall Robinson,cannontodd@example.org,Australia,2025-10-01,True,2025-10-19 18:15:18.088504
151,Jane Harrington,wileymichael@example.com,Australia,2024-06-19,True,2025-10-19 18:15:18.088504
152,Sarah Boone,dwright@example.org,USA,2023-11-02,True,2025-10-19 18:15:18.089031
153,Jessica Jenkins,rodriguezjill@example.com,UK,2024-07-29,True,2025-10-19 18:15:18.089031
154,Kathleen Walsh,vdavis@example.org,Canada,2024-01-17,True,2025-10-19 18:15:18.089557
155,Susan Oneill,ymiranda@example.net,Germany,2024-09-03,True,2025-10-19 18:15:18.089557
156,John Ward,ujohnson@example.com,Canada,2023-01-02,True,2025-10-19 18:15:18.090083
157,Shannon Simmons,hillcarlos@example.net,Japan,2024-10-29,False,2025-10-19 18:15:18.090612
158,Oscar Johnson,christophersanchez@example.net,France,2022-12-15,True,2025-10-19 18:15:18.090612
159,Gary Weber,turnerjoseph@example.com,Canada,2023-08-18,True,2025-10-19 18:15:18.091143
160,Erica Galloway,gary79@example.com,USA,2025-05-31,True,2025-10-19 18:15:18.091673
161,Cory Sanders,amberwhite@example.net,France,2025-03-31,False,2025-10-19 18:15:18.091673
162,Tom Carpenter,reyesluis@example.org,UK,2024-08-23,True,2025-10-19 18:15:18.092198
163,Patricia Mayer,ngibson@example.org,USA,2024-06-09,True,2025-10-19 18:15:18.092198
164,Clinton Harding,sacosta@example.com,France,2023-07-21,True,2025-10-19 18:15:18.092724
165,John Golden,unavarro@example.net,USA,2025-10-16,True,2025-10-19 18:15:18.092724
166,Charles Gutierrez,frederickrivera@example.net,Australia,2024-09-16,True,2025-10-19 18:15:18.093249
167,Victoria Smith,nmclean@example.net,UK,2023-08-08,True,2025-10-19 18:15:18.093249
168,Debra Scott,carla97@example.com,Japan,2025-04-29,True,2025-10-19 18:15:18.093774
169,Travis Hernandez,ustevenson@example.org,USA,2023-08-11,True,2025-10-19 18:15:18.093774
170,Andrew Harris,kevinwilson@example.com,UK,2023-11-28,True,2025-10-19 18:15:18.094300
171,Brittany Robinson,josephrodriguez@example.net,Australia,2024-03-27,True,2025-10-19 18:15:18.094300
172,Daniel Hill,shepherdian@example.com,Japan,2023-04-14,True,2025-10-19 18:15:18.094828
173,Ryan Sutton,ogay@example.com,Canada,2025-01-23,True,2025-10-19 18:15:18.094828
174,Raymond Gomez,juliemiller@example.net,Japan,2024-03-13,True,2025-10-19 18:15:18.095354
175,Dominic Martinez,markwilson@example.com,UK,2024-11-27,False,2025-10-19 18:15:18.095354
176,Sandra Klein,christinacastillo@example.net,UK,2024-02-20,True,2025-10-19 18:15:18.095894
177,Tracy Gomez,barreraandrew@example.com,France,2022-12-30,False,2025-10-19 18:15:18.096474
178,Kevin Mayo,baileydawn@example.com,Australia,2023-07-09,False,2025-10-19 18:15:18.096474
179,Isaac Howell,jacksonfrank@example.com,USA,2023-10-11,True,2025-10-19 18:15:18.097003
180,Lisa Walker,jacqueline62@example.net,UK,2024-05-24,True,2025-10-19 18:15:18.097003
181,Laura Freeman,ryan72@example.com,Australia,2022-11-29,True,2025-10-19 18:15:18.097003
182,Carol Meyer,cgross@example.com,Germany,2023-08-20,True,2025-10-19 18:15:18.097528
183,Stephanie Cruz,ronald12@example.net,Canada,2023-07-29,True,2025-10-19 18:15:18.097528
184,Hannah Wheeler,joshua13@example.net,Canada,2025-04-19,True,2025-10-19 18:15:18.098054
185,Adam Michael,xreyes@example.org,UK,2024-05-01,True,2025-10-19 18:15:18.098054
186,Christian Sanchez,jason58@example.net,Canada,2024-04-01,True,2025-10-19 18:15:18.098580
187,Kyle Contreras,lmills@example.com,UK,2023-05-27,True,2025-10-19 18:15:18.098580
188,Robert Williamson,stephanie31@example.net,UK,2023-12-19,True,2025-10-19 18:15:18.099105
189,Miguel Stevens,nwilliams@example.org,Canada,2024-08-02,True,2025-10-19 18:15:18.099105
190,Sara Hill,david71@example.org,Australia,2024-02-08,False,2025-10-19 18:15:18.099105
191,Ryan Jackson,wallscott@example.org,Canada,2024-01-14,True,2025-10-19 18:15:18.099675
192,Margaret Newman,smithann@example.com,Australia,2025-03-20,True,2025-10-19 18:15:18.099675
193,Jessica Morrow,ashley48@example.org,France,2024-08-28,True,2025-10-19 18:15:18.100239
194,Madeline Valenzuela,tiffanyanderson@example.com,USA,2025-10-13,True,2025-10-19 18:15:18.100836
195,Tyler Johnson,isaacbailey@example.net,Canada,2022-12-31,True,2025-10-19 18:15:18.100836
196,Margaret Olson,jessicabaldwin@example.net,Canada,2023-10-03,False,2025-10-19 18:15:18.101401
197,Jonathan Cuevas,mhall@example.org,Australia,2022-10-28,True,2025-10-19 18:15:18.101401
198,Jessica Hayes,tiffany60@example.org,UK,2025-04-28,True,2025-10-19 18:15:18.101401
199,William Sanford,jeffery94@example.com,France,2024-12-17,True,2025-10-19 18:15:18.101968
200,Michael Cantu,ywalton@example.net,USA,2024-09-20,True,2025-10-19 18:15:18.101968
201,Tammy Johnson,nicholas53@example.org,UK,2023-05-21,True,2025-10-19 18:15:18.102525
202,Brandon Blankenship,wardkenneth@example.com,Japan,2025-04-01,True,2025-10-19 18:15:18.102525
203,Erica Little,ohutchinson@example.net,France,2023-11-21,True,2025-10-19 18:15:18.103090
204,Katie Jackson,laurastanley@example.org,USA,2023-08-18,True,2025-10-19 18:15:18.103090
205,Jennifer Zhang,eric57@example.net,Australia,2024-09-28,True,2025-10-19 18:15:18.103090
206,Abigail Owens,ericksonsarah@example.com,Germany,2025-08-31,True,2025-10-19 18:15:18.103659
207,Nicole Hernandez,paul96@example.net,Japan,2025-08-21,True,2025-10-19 18:15:18.103659
208,Krystal Davis,gregory09@example.net,Canada,2023-03-30,True,2025-10-19 18:15:18.104226
209,Tiffany Hamilton,mlee@example.net,Canada,2023-10-07,True,2025-10-19 18:15:18.104226
210,Dean Perry,ejohnson@example.org,Germany,2023-10-10,True,2025-10-19 18:15:18.104806
211,Amanda Davis,jillkaiser@example.net,Australia,2023-12-19,True,2025-10-19 18:15:18.104806
212,Tammy Martin DDS,michellefleming@example.org,Canada,2024-05-18,True,2025-10-19 18:15:18.105367
213,Katie Alvarez,gmueller@example.net,Germany,2023-01-17,True,2025-10-19 18:15:18.105367
214,Karl Hernandez,villegasangie@example.com,Japan,2022-10-19,True,2025-10-19 18:15:18.106120
215,Alicia Schwartz,megancole@example.org,Australia,2023-10-13,True,2025-10-19 18:15:18.106120
216,Michele Fox,valerie84@example.com,USA,2024-04-04,True,2025-10-19 18:15:18.106689
217,Dr. Nicholas Gonzalez,robinsonamanda@example.org,France,2024-08-29,False,2025-10-19 18:15:18.107266
218,Richard Schmidt,fsutton@example.com,USA,2024-08-24,True,2025-10-19 18:15:18.107266
219,Kathryn Johnson,jose33@example.org,Japan,2024-05-03,True,2025-10-19 18:15:18.107842
220,Mr. Kyle Grant Jr.,nfletcher@example.net,UK,2025-01-20,True,2025-10-19 18:15:18.107842
221,Alexander Sampson,christopherbaird@example.com,Australia,2024-07-07,True,2025-10-19 18:15:18.108386
222,Kimberly Booth,jonescatherine@example.com,UK,2023-12-25,True,2025-10-19 18:15:18.108944
223,Eric Rose,bmunoz@example.org,Australia,2024-06-28,True,2025-10-19 18:15:18.109468
224,Linda Lewis,uhansen@example.net,UK,2023-12-23,True,2025-10-19 18:15:18.109468
225,Jennifer Joseph,gilbertrobert@example.com,UK,2024-05-25,True,2025-10-19 18:15:18.109999
226,Jessica Brown,sbowers@example.org,Japan,2024-05-05,True,2025-10-19 18:15:18.110587
227,Hunter Manning,freemantaylor@example.org,Japan,2024-12-19,True,2025-10-19 18:15:18.110587
228,Deborah Munoz,esmith@example.net,France,2025-08-07,False,2025-10-19 18:15:18.111180
229,Nicole Beasley,kwalker@example.net,UK,2024-11-16,True,2025-10-19 18:15:18.111811
230,Emily Sexton DDS,marc36@example.com,Germany,2023-06-11,True,2025-10-19 18:15:18.111811
231,Abigail Mcintosh,kbishop@example.net,UK,2023-01-10,False,2025-10-19 18:15:18.112382
232,Jessica Thomas,frankwheeler@example.org,USA,2024-02-11,True,2025-10-19 18:15:18.112949
233,Aaron Sullivan,hartpaul@example.com,UK,2025-08-29,True,2025-10-19 18:15:18.112949
234,Debbie Johnston,vowens@example.net,Germany,2022-12-18,True,2025-10-19 18:15:18.113478
235,Angela Bailey,davismatthew@example.net,France,2023-01-13,True,2025-10-19 18:15:18.114008
236,Melinda Serrano,jmiller@example.net,Canada,2023-06-09,True,2025-10-19 18:15:18.114008
237,Jessica Cox,allenvicki@example.com,USA,2023-07-08,True,2025-10-19 18:15:18.114535
238,Carmen Elliott,vpham@example.com,USA,2025-04-03,True,2025-10-19 18:15:18.114535
239,Tracey Mata,brandywoods@example.net,USA,2022-12-05,True,2025-10-19 18:15:18.115059
240,Shelby Evans,wendy34@example.net,Germany,2023-01-02,True,2025-10-19 18:15:18.115059
241,Aaron Brock,sullivanbrian@example.org,Australia,2024-08-21,True,2025-10-19 18:15:18.115583
242,Daisy Goodman,ijohnson@example.net,USA,2023-03-19,True,2025-10-19 18:15:18.115583
243,Carolyn Davis,josephcastro@example.com,Japan,2024-05-01,True,2025-10-19 18:15:18.116107
244,Tiffany Henderson,evanolson@example.com,Japan,2024-07-01,True,2025-10-19 18:15:18.116107
245,Gabriella Newman,frankgibson@example.net,Australia,2025-09-07,True,2025-10-19 18:15:18.116632
246,Kathy Hammond,kaitlyn26@example.net,USA,2024-03-18,True,2025-10-19 18:15:18.116632
247,Dorothy Jarvis,troydennis@example.net,UK,2023-08-14,True,2025-10-19 18:15:18.117156
248,Brittney Castillo,mccoynicole@example.com,Australia,2023-11-04,True,2025-10-19 18:15:18.117711
249,Gregory Kramer,samanthaday@example.com,France,2025-04-05,True,2025-10-19 18:15:18.117711
250,Jennifer Ortega,michael27@example.org,UK,2023-10-26,True,2025-10-19 18:15:18.118258
251,Alan Adams,holmescharles@example.com,USA,2025-01-11,True,2025-10-19 18:15:18.118258
252,Christine Owens,alyssa30@example.org,Japan,2022-10-24,True,2025-10-19 18:15:18.118782
253,Anthony Simmons,charlesthomas@example.org,France,2025-07-19,True,2025-10-19 18:15:18.118782
254,David Richards,marie83@example.net,UK,2024-09-21,True,2025-10-19 18:15:18.119306
255,Scott Davis,laura48@example.com,UK,2023-08-12,True,2025-10-19 18:15:18.119306
256,Alicia Fuentes,michelleelliott@example.net,Germany,2022-12-07,True,2025-10-19 18:15:18.119306
257,Thomas Pittman,lcole@example.net,USA,2025-08-25,True,2025-10-19 18:15:18.119833
258,Tara Ramirez,ginacruz@example.net,Japan,2023-07-21,True,2025-10-19 18:15:18.119833
259,Debra Wiley,hannah70@example.com,Japan,2025-03-13,True,2025-10-19 18:15:18.119833
260,Judith Horton,wrightjennifer@example.com,USA,2023-07-11,True,2025-10-19 18:15:18.119833
261,Patricia Nguyen,yrandall@example.org,France,2024-01-07,True,2025-10-19 18:15:18.120841
262,Heather Baldwin,erica17@example.org,Canada,2024-07-09,False,2025-10-19 18:15:18.120841
263,Lisa Wilson,fosterkaren@example.org,Germany,2024-02-28,True,2025-10-19 18:15:18.120841
264,David Juarez,larrybrown@example.org,Australia,2023-05-09,True,2025-10-19 18:15:18.120841
265,Christopher Lutz,qhatfield@example.net,UK,2023-03-19,True,2025-10-19 18:15:18.121841
266,Gloria Chandler,kellydavid@example.com,Canada,2025-10-10,True,2025-10-19 18:15:18.121841
267,Sherry Butler,zlane@example.com,Australia,2024-11-30,True,2025-10-19 18:15:18.121841
268,Melody Bridges,jameswashington@example.com,Germany,2024-08-30,True,2025-10-19 18:15:18.122841
269,Maria Rivera,sonya60@example.org,France,2023-07-07,True,2025-10-19 18:15:18.122841
270,Erin Williams,eric88@example.com,Australia,2025-04-04,True,2025-10-19 18:15:18.122841
271,Jennifer Cross,wmiller@example.com,Germany,2023-10-07,True,2025-10-19 18:15:18.122841
272,Mariah Schroeder DVM,clarklindsay@example.com,Japan,2023-08-08,True,2025-10-19 18:15:18.123841
273,Kelly Cox,ugraves@example.net,Japan,2024-11-03,True,2025-10-19 18:15:18.123841
274,Eric King,atkinsonangela@example.org,USA,2023-07-22,True,2025-10-19 18:15:18.123841
275,Curtis Castillo,samantha25@example.org,Germany,2023-02-23,True,2025-10-19 18:15:18.123841
276,Katherine Flores,kathleensampson@example.org,Germany,2024-10-18,False,2025-10-19 18:15:18.124841
277,Jennifer Martinez,james26@example.com,USA,2024-06-30,True,2025-10-19 18:15:18.124841
278,Laura Smith,fowlerdarrell@example.net,Australia,2024-04-30,True,2025-10-19 18:15:18.124841
279,Dawn Simon,wrightdawn@example.net,UK,2023-01-21,True,2025-10-19 18:15:18.124841
280,Donald Sampson,benjaminchristian@example.net,Japan,2023-02-13,True,2025-10-19 18:15:18.125840
281,Jennifer Wise,kristyblake@example.com,Canada,2025-07-24,True,2025-10-19 18:15:18.125840
282,Robert Aguilar,eberg@example.net,Canada,2024-11-18,False,2025-10-19 18:15:18.125840
283,Benjamin Craig,taylormark@example.org,France,2025-01-03,True,2025-10-19 18:15:18.125840
284,Amy Smith,steven18@example.org,Germany,2023-06-30,True,2025-10-19 18:15:18.126841
285,Gregg Frederick,scottkelly@example.com,UK,2023-11-29,True,2025-10-19 18:15:18.126841
286,Michael Haley,andersonkristen@example.org,France,2022-12-29,True,2025-10-19 18:15:18.127863
287,Robert Mason,igarcia@example.net,UK,2025-02-12,True,2025-10-19 18:15:18.127863
288,Alexa Howard,dware@example.org,UK,2023-01-22,True,2025-10-19 18:15:18.128856
289,Adam Benton,evanstevens@example.net,USA,2024-07-20,True,2025-10-19 18:15:18.128856
290,Holly Allen,tosborne@example.org,Japan,2024-09-12,True,2025-10-19 18:15:18.128856
291,Tammy Lee,ojones@example.org,Australia,2023-08-01,True,2025-10-19 18:15:18.129841
292,Michelle Hall,marymaldonado@example.org,Japan,2025-10-16,True,2025-10-19 18:15:18.129841
293,Diana Lewis,walter04@example.com,UK,2025-03-18,True,2025-10-19 18:15:18.129841
294,Cynthia Parrish,tonya15@example.com,Australia,2025-07-24,True,2025-10-19 18:15:18.129841
295,Sean Collier,timothywalker@example.com,Canada,2023-02-01,True,2025-10-19 18:15:18.130842
296,Kristen Francis,cody60@example.net,France,2024-12-02,True,2025-10-19 18:15:18.130842
297,Kristy Griffith,glenn69@example.org,Japan,2022-11-30,True,2025-10-19 18:15:18.130842
298,Dawn Craig,nicole97@example.net,UK,2025-01-08,True,2025-10-19 18:15:18.130842
299,Kevin Middleton,ibrown@example.net,UK,2025-10-13,True,2025-10-19 18:15:18.131841
300,Karl Fox,kimberly78@example.net,Australia,2024-08-13,True,2025-10-19 18:15:18.131841
301,Michael Hensley,gdavis@example.com,Japan,2025-10-16,True,2025-10-19 18:15:18.131841
302,Stephanie Dixon,vwashington@example.com,USA,2023-10-19,True,2025-10-19 18:15:18.131841
303,Bryan Shaffer,ncabrera@example.com,Australia,2023-08-12,True,2025-10-19 18:15:18.132841
304,Michael Lopez,websterjesse@example.com,Japan,2024-03-19,True,2025-10-19 18:15:18.132841
305,Douglas Myers,michaelschmidt@example.net,Germany,2023-03-29,True,2025-10-19 18:15:18.132841
306,Patrick Williams,robertgarcia@example.org,Japan,2023-08-09,True,2025-10-19 18:15:18.132841
307,Nicholas Lara,chaveztheodore@example.net,Japan,2025-10-01,True,2025-10-19 18:15:18.133840
308,James Smith,smithterrance@example.com,UK,2025-10-08,True,2025-10-19 18:15:18.133840
309,Lauren Stuart,nicole56@example.com,UK,2023-01-09,True,2025-10-19 18:15:18.133840
310,Cheryl Lucas,jeffreybautista@example.org,France,2023-10-08,True,2025-10-19 18:15:18.133840
311,Matthew Orr,courtneystephens@example.org,UK,2023-08-09,True,2025-10-19 18:15:18.134841
312,Miranda Ford,chelseaperkins@example.com,Canada,2025-05-16,True,2025-10-19 18:15:18.134841
313,Peter Williams,emily01@example.org,USA,2024-11-23,True,2025-10-19 18:15:18.134841
314,Grant Miller,karenwiley@example.org,France,2024-10-19,True,2025-10-19 18:15:18.135841
315,Becky Hopkins,harveykathryn@example.net,Germany,2023-12-04,True,2025-10-19 18:15:18.135841
316,Justin Frederick,jonesbrian@example.org,UK,2025-03-08,True,2025-10-19 18:15:18.135841
317,Donald Marshall,pjoseph@example.org,USA,2023-12-01,True,2025-10-19 18:15:18.135841
318,Paul Weber,salascasey@example.org,USA,2024-10-20,True,2025-10-19 18:15:18.136841
319,Elizabeth Collins,gdelgado@example.com,Australia,2024-03-25,True,2025-10-19 18:15:18.136841
320,Paul Moss,mbell@example.org,Germany,2025-01-19,True,2025-10-19 18:15:18.136841
321,Eric Harris,nrodriguez@example.net,UK,2023-04-16,True,2025-10-19 18:15:18.136841
322,Seth Cannon,anthony38@example.org,USA,2024-08-06,True,2025-10-19 18:15:18.136841
323,Aaron Sanders,torresnicole@example.org,France,2024-09-27,True,2025-10-19 18:15:18.137840
324,Suzanne Reese,phelpsjason@example.net,Germany,2022-12-09,True,2025-10-19 18:15:18.137840
325,Christine Mclean,michaelreeves@example.org,USA,2025-04-09,True,2025-10-19 18:15:18.137840
326,Tony Cox,sgarcia@example.com,Germany,2024-08-11,False,2025-10-19 18:15:18.137840
327,Molly Phillips,elizabeth82@example.org,Canada,2023-06-28,True,2025-10-19 18:15:18.138841
328,Whitney Lindsey,melissastein@example.com,Canada,2024-05-17,True,2025-10-19 18:15:18.138841
329,Christopher Hunter,xdavis@example.org,USA,2023-04-14,True,2025-10-19 18:15:18.138841
330,Christina Medina,ballardshelly@example.net,Japan,2024-05-07,True,2025-10-19 18:15:18.138841
331,Susan Ayers,jennifer62@example.com,USA,2025-06-12,True,2025-10-19 18:15:18.139841
332,Karen Johnston,montgomerysummer@example.org,Japan,2024-04-03,True,2025-10-19 18:15:18.139841
333,James Miller,kevin28@example.com,Japan,2025-08-14,True,2025-10-19 18:15:18.139841
334,Melvin Watson,millerchristopher@example.net,Australia,2025-10-13,True,2025-10-19 18:15:18.139841
335,Jamie Carlson,rose51@example.net,Australia,2023-07-14,True,2025-10-19 18:15:18.140841
336,Jeffrey Ray,qhorn@example.com,France,2025-04-29,True,2025-10-19 18:15:18.140841
337,Adriana Wilson,sbell@example.org,Japan,2023-05-31,True,2025-10-19 18:15:18.140841
338,Michael Dixon,jamesbanks@example.net,UK,2024-02-11,True,2025-10-19 18:15:18.140841
339,Kimberly Hayden,vkelly@example.net,Japan,2024-07-31,True,2025-10-19 18:15:18.141848
340,Matthew Hughes,jessica97@example.net,France,2025-02-22,True,2025-10-19 18:15:18.141848
341,William Daniel,ypark@example.net,Germany,2025-03-01,True,2025-10-19 18:15:18.141848
342,Benjamin Hunter,salasjerome@example.org,UK,2024-04-15,True,2025-10-19 18:15:18.141848
343,Nancy Hubbard,danielsamanda@example.com,USA,2025-02-06,True,2025-10-19 18:15:18.142848
344,Catherine Gardner,fschmidt@example.com,USA,2022-11-22,True,2025-10-19 18:15:18.142848
345,Patrick Taylor,karenflores@example.net,USA,2024-09-19,True,2025-10-19 18:15:18.142848
346,Sandy Jones,gmaldonado@example.com,UK,2024-08-15,True,2025-10-19 18:15:18.143848
347,Johnny Doyle,spencejohn@example.com,Canada,2023-04-28,True,2025-10-19 18:15:18.143848
348,Jeffrey Adams,matthew48@example.com,Canada,2025-03-09,True,2025-10-19 18:15:18.143848
349,Whitney Hicks,kelleyandrew@example.com,France,2024-09-06,True,2025-10-19 18:15:18.143848
350,Maria Moyer,jeremyjennings@example.com,USA,2025-02-10,True,2025-10-19 18:15:18.144848
351,Lindsay Richard,egonzalez@example.net,Australia,2024-06-05,True,2025-10-19 18:15:18.144848
352,Stephanie Cobb,sheilarodriguez@example.net,Germany,2023-07-14,True,2025-10-19 18:15:18.144848
353,Meghan Johnson,kylebryant@example.net,Japan,2025-08-09,True,2025-10-19 18:15:18.144848
354,Mark Williams,angela00@example.net,USA,2025-07-28,False,2025-10-19 18:15:18.145848
355,Michelle Schaefer,qchavez@example.com,USA,2024-04-15,True,2025-10-19 18:15:18.145848
356,Elizabeth Smith,clayton78@example.com,Germany,2023-08-20,True,2025-10-19 18:15:18.145848
357,Cynthia Hall,dawsonjason@example.org,UK,2023-03-27,False,2025-10-19 18:15:18.145848
358,Jose Stevens,pricekatrina@example.net,France,2023-01-12,True,2025-10-19 18:15:18.146848
359,Sabrina Vasquez,wevans@example.com,Japan,2023-01-01,True,2025-10-19 18:15:18.146848
360,Paul Allen,harrisstephen@example.org,Japan,2023-09-25,True,2025-10-19 18:15:18.146848
361,Jonathan Davis Jr.,kmoreno@example.net,Australia,2025-04-16,True,2025-10-19 18:15:18.146848
362,Mark Romero,batesgregg@example.org,UK,2022-11-04,True,2025-10-19 18:15:18.147848
363,Courtney Mitchell,amiller@example.org,USA,2023-03-03,True,2025-10-19 18:15:18.147848
364,Christopher Gilbert,johnsonsamuel@example.org,Australia,2022-10-20,True,2025-10-19 18:15:18.147848
365,Daniel Oliver,clarkchristopher@example.com,UK,2025-06-09,True,2025-10-19 18:15:18.147848
366,Jocelyn Lara,xriggs@example.com,Canada,2023-11-18,True,2025-10-19 18:15:18.148848
367,Billy Bennett,paynekeith@example.org,UK,2023-04-05,True,2025-10-19 18:15:18.148848
368,Madison Warner,ibass@example.net,Japan,2023-10-01,True,2025-10-19 18:15:18.148848
369,Adam Wilson,owalters@example.org,France,2023-02-02,True,2025-10-19 18:15:18.148848
370,Paul Alvarez,martinpaul@example.com,France,2022-11-26,True,2025-10-19 18:15:18.149848
371,Tracy Smith,tracy96@example.org,Japan,2023-07-16,True,2025-10-19 18:15:18.149848
372,Jesse Morris,idavis@example.net,Japan,2024-11-24,True,2025-10-19 18:15:18.149848
373,Jessica Davis,griffindavid@example.net,UK,2024-11-01,True,2025-10-19 18:15:18.149848
374,Brian Henderson,joliver@example.com,Australia,2023-06-20,True,2025-10-19 18:15:18.150848
375,Heather Velasquez,cdalton@example.com,Germany,2025-01-16,True,2025-10-19 18:15:18.150848
376,Matthew Rubio,tim48@example.com,Japan,2023-04-03,False,2025-10-19 18:15:18.150848
377,Randy Welch,mark24@example.com,UK,2024-04-13,True,2025-10-19 18:15:18.150848
378,Melissa Carter,eric94@example.org,Canada,2024-11-04,True,2025-10-19 18:15:18.151848
379,Mitchell Quinn,oconnellmichelle@example.net,USA,2023-08-07,True,2025-10-19 18:15:18.151848
380,Martin Brown,melissafox@example.com,UK,2024-08-01,True,2025-10-19 18:15:18.151848
381,Lauren Ramirez,miranda83@example.com,Germany,2025-09-05,True,2025-10-19 18:15:18.151848
382,Tina Robinson,lori49@example.net,Germany,2025-06-25,True,2025-10-19 18:15:18.151848
383,Barry Greer,trevor66@example.net,Australia,2024-08-15,True,2025-10-19 18:15:18.152848
384,Maria Garcia,wattsjim@example.com,Germany,2023-11-17,True,2025-10-19 18:15:18.152848
385,Elizabeth Carey,hillstephen@example.org,Australia,2023-08-31,True,2025-10-19 18:15:18.152848
386,Melanie Rivera,fergusonjoseph@example.net,Canada,2023-12-07,False,2025-10-19 18:15:18.153848
387,Marcus Huff,james41@example.com,Germany,2024-08-06,True,2025-10-19 18:15:18.153848
388,James Howard,jennifervargas@example.com,Japan,2024-08-30,False,2025-10-19 18:15:18.153848
389,Marc Banks,bernardglenn@example.com,Australia,2024-09-10,True,2025-10-19 18:15:18.153848
390,Calvin Mccarthy,sjordan@example.net,UK,2023-07-18,True,2025-10-19 18:15:18.153848
391,Tommy Fuentes,sandramills@example.net,Canada,2023-07-19,True,2025-10-19 18:15:18.154848
392,Ryan Harris,zmorrison@example.net,Germany,2023-04-08,True,2025-10-19 18:15:18.154848
393,Cody Moore,jamie38@example.net,Germany,2023-01-03,False,2025-10-19 18:15:18.154848
394,Michael Wilson,valerienunez@example.org,France,2023-08-09,True,2025-10-19 18:15:18.154848
395,Joseph Simmons,wallacesean@example.net,USA,2025-04-29,True,2025-10-19 18:15:18.155849
396,Angela Ochoa,careyrichard@example.org,Japan,2022-11-09,True,2025-10-19 18:15:18.156358
397,Hayley Lyons,charles99@example.org,Japan,2023-10-25,True,2025-10-19 18:15:18.156358
398,Robert Anthony,cynthialewis@example.org,Japan,2023-12-05,True,2025-10-19 18:15:18.156358
399,Ray Morgan,ydickerson@example.org,Japan,2023-03-29,True,2025-10-19 18:15:18.156358
400,Caroline Brown,acostabeth@example.org,Germany,2023-02-19,True,2025-10-19 18:15:18.157362
401,Lisa Brown,kimberlyrogers@example.org,Canada,2024-10-20,True,2025-10-19 18:15:18.157362
402,Daniel Hancock,hamiltoncynthia@example.org,Germany,2024-01-30,True,2025-10-19 18:15:18.157362
403,Kevin Tapia,mortonmary@example.org,Australia,2024-02-15,True,2025-10-19 18:15:18.157362
404,Robin Rivera,dstanton@example.net,Japan,2025-04-23,True,2025-10-19 18:15:18.158362
405,Brenda Mcclain,joshuaescobar@example.org,Australia,2025-08-05,True,2025-10-19 18:15:18.158362
406,Rachel Jones,terrythomas@example.net,UK,2024-07-29,True,2025-10-19 18:15:18.158362
407,Kristen Barnes,geoffrey56@example.net,Germany,2025-09-17,True,2025-10-19 18:15:18.158362
408,Raymond Petty,oshah@example.net,Canada,2025-05-17,True,2025-10-19 18:15:18.159366
409,Eric Harper,hallangelica@example.org,Australia,2025-08-02,True,2025-10-19 18:15:18.159366
410,Seth Jones,nrollins@example.org,Germany,2023-09-16,False,2025-10-19 18:15:18.159933
411,Jessica Bell,shannonprice@example.org,Germany,2024-06-01,True,2025-10-19 18:15:18.159933
412,Daniel Sanders,robertcannon@example.com,Germany,2024-09-02,True,2025-10-19 18:15:18.159933
413,Juan Mcdonald,melanierhodes@example.com,France,2025-08-12,True,2025-10-19 18:15:18.159933
414,Megan Strickland,cherylfritz@example.com,UK,2024-05-04,True,2025-10-19 18:15:18.160941
415,Ashley Henry,kim82@example.com,Japan,2023-06-16,True,2025-10-19 18:15:18.160941
416,Douglas Sheppard,lhart@example.com,France,2024-05-16,True,2025-10-19 18:15:18.160941
417,Jerry Travis,mcdowelltina@example.org,USA,2024-07-26,True,2025-10-19 18:15:18.160941
418,Steven Jones,kerickson@example.org,Germany,2023-09-25,True,2025-10-19 18:15:18.161949
419,Sarah Long,byrdbecky@example.net,UK,2025-03-13,True,2025-10-19 18:15:18.161949
420,Rachael Lane,gpayne@example.org,Canada,2023-06-17,True,2025-10-19 18:15:18.161949
421,Daniel Mcdaniel,olsenjulie@example.com,Japan,2025-08-19,True,2025-10-19 18:15:18.161949
422,Donald Green,zgould@example.org,UK,2024-04-27,True,2025-10-19 18:15:18.162949
423,Kyle Todd,qarellano@example.net,UK,2025-03-31,True,2025-10-19 18:15:18.162949
424,Nichole Edwards,brookehoward@example.com,Canada,2025-08-12,False,2025-10-19 18:15:18.162949
425,Maria Jones,pscott@example.org,Germany,2024-06-07,True,2025-10-19 18:15:18.162949
426,Brandon Torres,ecastaneda@example.com,USA,2024-08-25,True,2025-10-19 18:15:18.163949
427,Edward Moore,tiffany56@example.org,Australia,2024-01-31,True,2025-10-19 18:15:18.163949
428,Amy Adams,pjoseph@example.com,UK,2025-02-05,True,2025-10-19 18:15:18.163949
429,Jose Ochoa,imartin@example.com,Germany,2023-11-23,True,2025-10-19 18:15:18.163949
430,Brandon Peters,asanchez@example.net,USA,2022-11-25,True,2025-10-19 18:15:18.164949
431,Ashley Villegas,ialexander@example.org,UK,2025-06-25,True,2025-10-19 18:15:18.164949
432,Cameron Johnson,sreeves@example.net,Australia,2025-02-18,False,2025-10-19 18:15:18.164949
433,Terri Moyer,lorilittle@example.net,France,2025-06-03,True,2025-10-19 18:15:18.164949
434,Melinda Bender,zjames@example.org,Australia,2023-04-29,True,2025-10-19 18:15:18.165949
435,Jason Sanders,laceybrown@example.net,Japan,2022-11-23,True,2025-10-19 18:15:18.165949
436,Jack Martin,deborah89@example.com,USA,2024-09-28,False,2025-10-19 18:15:18.165949
437,Jodi Giles,russell69@example.net,Japan,2022-12-14,True,2025-10-19 18:15:18.165949
438,Claire Harris,kevin14@example.com,UK,2024-05-01,True,2025-10-19 18:15:18.166949
439,Whitney Foley,tylerchristensen@example.net,Germany,2025-02-12,True,2025-10-19 18:15:18.166949
440,Joseph Rosario,rodney68@example.org,Canada,2024-09-02,True,2025-10-19 18:15:18.166949
441,Lindsay Schmitt,christina27@example.org,USA,2024-09-18,True,2025-10-19 18:15:18.166949
442,Gene Burke,kruegerlori@example.com,Australia,2023-03-28,True,2025-10-19 18:15:18.167949
443,Brian Glass,carmen91@example.com,UK,2023-11-12,True,2025-10-19 18:15:18.167949
444,Andrew Frey,johnsonmelissa@example.org,USA,2024-06-07,True,2025-10-19 18:15:18.167949
445,Olivia Robinson,colekaren@example.com,UK,2023-01-26,True,2025-10-19 18:15:18.167949
446,Carmen Bradford,brittanyperez@example.com,Germany,2025-04-16,True,2025-10-19 18:15:18.168949
447,Danielle Mason,fperez@example.com,UK,2024-04-28,True,2025-10-19 18:15:18.168949
448,Robert Nguyen,brooke53@example.org,Canada,2023-07-27,True,2025-10-19 18:15:18.168949
449,Melissa Greer,brownnicole@example.com,Australia,2025-03-10,True,2025-10-19 18:15:18.168949
450,Mr. Jason Small,pwallace@example.com,USA,2023-09-14,False,2025-10-19 18:15:18.169949
451,Wesley Garcia,whall@example.net,Japan,2024-08-04,True,2025-10-19 18:15:18.169949
452,Michelle Brown,blong@example.com,Australia,2025-09-16,True,2025-10-19 18:15:18.169949
453,Roger Brown,waltontimothy@example.com,USA,2023-09-17,True,2025-10-19 18:15:18.169949
454,Lisa Cunningham,ericacruz@example.org,Canada,2024-10-08,True,2025-10-19 18:15:18.170949
455,James Reed,robertgarcia@example.net,Germany,2024-05-20,True,2025-10-19 18:15:18.170949
456,John Martinez,kennethcook@example.com,France,2024-08-21,True,2025-10-19 18:15:18.170949
457,Victoria Kennedy,jenniferpeters@example.org,Canada,2022-11-06,True,2025-10-19 18:15:18.170949
458,Leonard Copeland,tammysmith@example.org,Germany,2023-04-23,True,2025-10-19 18:15:18.171949
459,Lori Miller,dclements@example.com,Germany,2024-12-03,True,2025-10-19 18:15:18.171949
460,Jessica Miller,janetharris@example.org,France,2024-04-26,True,2025-10-19 18:15:18.171949
461,Jordan Nunez,erin88@example.org,France,2023-12-26,True,2025-10-19 18:15:18.171949
462,David Medina,krystal89@example.net,France,2025-01-03,True,2025-10-19 18:15:18.172949
463,Brittany Lewis,nelsonedward@example.com,Australia,2024-11-07,True,2025-10-19 18:15:18.172949
464,Corey Morrow,francisdaniel@example.org,Canada,2023-10-13,True,2025-10-19 18:15:18.172949
465,Michelle Rivas,dwilliams@example.org,USA,2023-03-24,False,2025-10-19 18:15:18.172949
466,Samantha Fitzgerald,raustin@example.net,UK,2022-11-22,True,2025-10-19 18:15:18.173949
467,Yolanda Peterson,david62@example.com,Australia,2025-09-23,True,2025-10-19 18:15:18.173949
468,Lauren Levy,hochoa@example.org,Japan,2025-07-12,True,2025-10-19 18:15:18.173949
469,Alyssa Guerra,beasleylance@example.org,France,2023-04-13,True,2025-10-19 18:15:18.173949
470,Philip Dean,hramirez@example.com,France,2023-05-11,True,2025-10-19 18:15:18.174949
471,Lori Cordova,aaron66@example.org,Australia,2024-08-27,True,2025-10-19 18:15:18.174949
472,Mitchell Roberts,richard01@example.org,Canada,2024-10-19,True,2025-10-19 18:15:18.174949
473,Christopher Richardson,jacquelinepierce@example.org,USA,2024-03-13,False,2025-10-19 18:15:18.174949
474,Martha Whitehead,nancyjones@example.org,Germany,2023-09-11,True,2025-10-19 18:15:18.175949
475,Lisa Clark,shelbyedwards@example.net,France,2022-11-27,True,2025-10-19 18:15:18.175949
476,Beth Buchanan,scott40@example.net,Canada,2025-08-14,False,2025-10-19 18:15:18.176458
477,Stephanie Mercer,alexis75@example.net,Germany,2022-11-24,True,2025-10-19 18:15:18.176458
478,Dennis Cole,curryjohn@example.org,Australia,2025-07-17,True,2025-10-19 18:15:18.176458
479,Ronald Wyatt,coleayala@example.com,Canada,2024-03-04,False,2025-10-19 18:15:18.176458
480,Maureen Guerrero,cwilliams@example.org,France,2023-07-30,False,2025-10-19 18:15:18.177466
481,Timothy Allen,jeanette30@example.org,France,2023-03-15,True,2025-10-19 18:15:18.177466
482,Mark Wilcox,brent14@example.net,Japan,2025-10-17,True,2025-10-19 18:15:18.177466
483,Dylan Drake,matthewwiley@example.com,Japan,2024-01-20,True,2025-10-19 18:15:18.177466
484,Sharon Harvey,jaime81@example.net,Canada,2025-10-02,False,2025-10-19 18:15:18.178466
485,Nathan Perry,chelsearobinson@example.com,Germany,2023-07-24,True,2025-10-19 18:15:18.178466
486,Tanya Martin,jenniferweber@example.org,UK,2023-02-18,True,2025-10-19 18:15:18.178466
487,Mark Johnson,xnelson@example.org,Australia,2025-09-07,True,2025-10-19 18:15:18.178466
488,James Arellano,charlessparks@example.com,Australia,2025-05-15,True,2025-10-19 18:15:18.179466
489,Stephanie James,riveracynthia@example.com,Australia,2024-02-28,True,2025-10-19 18:15:18.179466
490,Angela Hill,johnsonmichael@example.net,Canada,2025-10-14,True,2025-10-19 18:15:18.179466
491,Sarah Ellis,freemancrystal@example.org,USA,2023-02-13,True,2025-10-19 18:15:18.179466
492,Rebecca Schultz,staceyjones@example.net,France,2023-06-09,False,2025-10-19 18:15:18.180466
493,Connie Lewis,gutierrezcathy@example.net,UK,2023-05-25,True,2025-10-19 18:15:18.180466
494,Andrea Gay,romanmichael@example.org,Canada,2023-12-05,True,2025-10-19 18:15:18.180466
495,Kimberly Frost,ashleyryan@example.net,Canada,2024-12-07,True,2025-10-19 18:15:18.181466
496,Thomas Mora,michelehammond@example.net,UK,2023-02-01,True,2025-10-19 18:15:18.181466
497,Michael Shannon,jamesbrown@example.com,Australia,2024-09-06,True,2025-10-19 18:15:18.181466
498,Paula Gonzalez,williamsalexandra@example.com,Canada,2025-01-22,True,2025-10-19 18:15:18.181466
499,Mary Olsen,chadanthony@example.net,USA,2023-01-30,False,2025-10-19 18:15:18.182466
500,Debra Skinner,bakerjames@example.net,UK,2024-06-26,True,2025-10-19 18:15:18.182466
501,Jacob Williams,pjackson@example.com,Australia,2025-08-25,True,2025-10-19 18:15:18.182466
502,Megan Rose,velazquezronald@example.com,France,2023-03-07,True,2025-10-19 18:15:18.182466
503,Amy Sanchez,stricklandtravis@example.org,USA,2025-10-14,True,2025-10-19 18:15:18.183466
504,Lauren Johnson,heather79@example.org,Canada,2024-12-28,True,2025-10-19 18:15:18.183466
505,Kayla Morton,ejohnson@example.net,Germany,2023-02-14,True,2025-10-19 18:15:18.183466
506,Brian Bell,oreed@example.com,UK,2023-06-18,True,2025-10-19 18:15:18.183466
507,Rachel Walters,rebeccajones@example.net,Japan,2023-01-03,True,2025-10-19 18:15:18.184466
508,Randy Brewer,sheilasimpson@example.org,France,2023-03-07,True,2025-10-19 18:15:18.184466
509,Renee Anderson,kristin89@example.org,Japan,2025-08-01,True,2025-10-19 18:15:18.184466
510,Jacqueline Cruz,rwall@example.net,UK,2025-08-03,True,2025-10-19 18:15:18.184466
511,Madison Giles,wedwards@example.org,Japan,2023-07-13,True,2025-10-19 18:15:18.185466
512,Anthony Flores,ismith@example.net,USA,2023-05-18,True,2025-10-19 18:15:18.185466
513,Teresa Ortega,scotthenderson@example.com,France,2024-09-18,False,2025-10-19 18:15:18.185466
514,Andrea Wilkerson,paulwoods@example.net,Germany,2024-06-28,True,2025-10-19 18:15:18.185466
515,Troy Gordon,murphydiamond@example.net,Canada,2025-04-24,True,2025-10-19 18:15:18.186466
516,Karen Burke,hornekimberly@example.com,Australia,2023-07-06,True,2025-10-19 18:15:18.186466
517,Rachel Rowe,amy45@example.com,Canada,2023-10-03,True,2025-10-19 18:15:18.186466
518,Brian Ellis,laurenliu@example.org,France,2024-07-04,True,2025-10-19 18:15:18.186466
519,Michael Miranda,wolfbrian@example.org,UK,2025-01-09,True,2025-10-19 18:15:18.187466
520,Mr. Michael Rodriguez II,martinezstephanie@example.org,Japan,2023-01-04,True,2025-10-19 18:15:18.187466
521,Mackenzie Scott,davidgarcia@example.com,Germany,2024-07-12,True,2025-10-19 18:15:18.187466
522,Melvin Bauer,pburns@example.org,USA,2025-05-08,True,2025-10-19 18:15:18.187466
523,Brandon Pearson,vnelson@example.com,Canada,2024-12-25,True,2025-10-19 18:15:18.188466
524,Zoe Chavez,reneetaylor@example.org,Canada,2022-10-22,False,2025-10-19 18:15:18.188466
525,Brandi Clark,andrewallison@example.net,UK,2024-08-31,True,2025-10-19 18:15:18.188466
526,Ann Castillo,mcdanielchristopher@example.org,UK,2025-04-29,True,2025-10-19 18:15:18.188466
527,Olivia White,rwood@example.net,Germany,2025-03-03,False,2025-10-19 18:15:18.189466
528,Jose Bowers,pheath@example.net,Germany,2023-10-10,True,2025-10-19 18:15:18.189466
529,Mason Lopez,mmorales@example.net,USA,2025-03-10,True,2025-10-19 18:15:18.189466
530,Brian Bell,brianmarshall@example.net,Germany,2024-03-01,True,2025-10-19 18:15:18.190466
531,Stephanie Stark,brian41@example.com,Canada,2023-12-19,True,2025-10-19 18:15:18.190466
532,Tiffany Smith,dennis21@example.com,Canada,2023-08-05,False,2025-10-19 18:15:18.190466
533,Warren Hendrix,willislinda@example.org,Germany,2025-01-15,True,2025-10-19 18:15:18.190466
534,Benjamin Myers,tle@example.net,France,2024-10-29,True,2025-10-19 18:15:18.191466
535,Dustin White,benjaminyoung@example.org,France,2025-04-19,True,2025-10-19 18:15:18.191466
536,Jamie Evans,jeffrey78@example.com,USA,2023-12-18,True,2025-10-19 18:15:18.191466
537,Johnny Hernandez,kimberlyhorton@example.com,Germany,2022-12-27,True,2025-10-19 18:15:18.191466
538,Shannon Oliver,fcarroll@example.com,Japan,2022-11-27,True,2025-10-19 18:15:18.192466
539,Steven Mack,smithjohn@example.net,Australia,2024-06-11,True,2025-10-19 18:15:18.192466
540,Mark Adams,adrian66@example.org,UK,2023-12-27,False,2025-10-19 18:15:18.192466
541,Pam Sanchez,sophia22@example.com,Canada,2025-02-07,True,2025-10-19 18:15:18.192466
542,Tammy Bennett MD,katherine05@example.net,USA,2023-09-18,True,2025-10-19 18:15:18.192466
543,Connor Green,margaret59@example.net,Germany,2025-04-15,True,2025-10-19 18:15:18.193466
544,William Parker,michael60@example.net,USA,2025-05-11,False,2025-10-19 18:15:18.193466
545,Melissa Collins,marissathompson@example.com,Germany,2023-09-17,True,2025-10-19 18:15:18.193466
546,Mark Wilson,jefferysimmons@example.net,UK,2025-05-27,True,2025-10-19 18:15:18.193466
547,Rachel Williams,opatterson@example.org,Germany,2023-07-05,True,2025-10-19 18:15:18.194466
548,Micheal Herrera,kmiller@example.org,Australia,2024-11-23,True,2025-10-19 18:15:18.194466
549,Sean Powell,jbarnes@example.com,USA,2024-07-05,True,2025-10-19 18:15:18.194466
550,Victoria Stafford,hmoore@example.org,Canada,2023-06-23,True,2025-10-19 18:15:18.194466
551,Maxwell Lopez,nrobertson@example.org,USA,2024-01-22,True,2025-10-19 18:15:18.195466
552,Alexis Rodriguez,gomezashlee@example.com,Canada,2025-07-17,True,2025-10-19 18:15:18.195466
553,Robert Sullivan,alejandrocalderon@example.com,Canada,2023-12-01,True,2025-10-19 18:15:18.195466
554,Rachel Schmitt,rmccann@example.org,Japan,2022-11-10,True,2025-10-19 18:15:18.195466
555,Tanya Thompson,brandyjones@example.org,UK,2025-03-10,True,2025-10-19 18:15:18.196466
556,Paul Adams,monica53@example.com,Germany,2025-08-03,True,2025-10-19 18:15:18.196466
557,Kristen Ortiz,pmiller@example.net,USA,2024-08-27,True,2025-10-19 18:15:18.196466
558,Sally Levine,jessicaflowers@example.org,UK,2024-05-06,True,2025-10-19 18:15:18.196466
559,Thomas Hutchinson,jennarogers@example.com,UK,2025-10-11,True,2025-10-19 18:15:18.197466
560,David Hebert,ruthlarson@example.net,Australia,2023-01-22,True,2025-10-19 18:15:18.197466
561,James Snyder,carolynsutton@example.org,UK,2023-09-21,True,2025-10-19 18:15:18.197466
562,Carrie Hendrix DVM,petersonstacey@example.org,Germany,2023-08-04,True,2025-10-19 18:15:18.198474
563,Lisa Young,pattersonjose@example.net,USA,2022-10-23,False,2025-10-19 18:15:18.198474
564,Laura Miller,darren00@example.com,Australia,2024-07-10,True,2025-10-19 18:15:18.198474
565,Ian Dixon,bgreen@example.com,USA,2023-03-23,True,2025-10-19 18:15:18.198474
566,Benjamin Gardner,brandonmorgan@example.org,Canada,2025-02-01,True,2025-10-19 18:15:18.199474
567,Luis Gutierrez,hornlisa@example.org,Germany,2023-01-06,True,2025-10-19 18:15:18.199474
568,Christina Wells,stephanie99@example.net,Australia,2024-08-01,True,2025-10-19 18:15:18.199474
569,Michael Lynn,dawn94@example.org,Japan,2024-05-13,True,2025-10-19 18:15:18.199474
570,Tonya Scott DDS,erin13@example.com,Germany,2025-02-02,True,2025-10-19 18:15:18.199474
571,Terri Harris,mcbridestacey@example.com,Canada,2025-04-25,True,2025-10-19 18:15:18.200474
572,Holly Reed,pbridges@example.org,Japan,2025-08-16,False,2025-10-19 18:15:18.200474
573,Carlos Hansen,kholland@example.org,Australia,2024-04-06,True,2025-10-19 18:15:18.200474
574,Michael Foster,rmiranda@example.com,France,2022-11-13,False,2025-10-19 18:15:18.200474
575,Tammy Hill,glenngrant@example.org,Canada,2024-07-24,False,2025-10-19 18:15:18.201474
576,Jennifer Berger,iblanchard@example.org,Germany,2024-08-23,True,2025-10-19 18:15:18.201474
577,Amy Villegas,marysummers@example.org,Australia,2025-03-30,True,2025-10-19 18:15:18.201474
578,Penny Tucker,johnsondarryl@example.com,USA,2024-10-13,True,2025-10-19 18:15:18.201474
579,Jeffery Mckenzie,erikrussell@example.com,UK,2025-07-08,True,2025-10-19 18:15:18.202474
580,Brian White,sarahsilva@example.com,Australia,2025-08-25,True,2025-10-19 18:15:18.202474
581,Joe Moreno,robynbarnes@example.com,France,2025-09-05,True,2025-10-19 18:15:18.202474
582,Julie Bridges,adrianachapman@example.net,France,2025-01-02,True,2025-10-19 18:15:18.203474
583,Roy Ramirez,collinsmelanie@example.org,Canada,2024-10-22,True,2025-10-19 18:15:18.203474
584,Carla Dean,jennifermiller@example.org,Australia,2022-11-07,True,2025-10-19 18:15:18.203474
585,Matthew Mcfarland,michael00@example.org,UK,2025-10-10,False,2025-10-19 18:15:18.203474
586,Amy Solomon,elizabeth55@example.com,USA,2024-04-15,True,2025-10-19 18:15:18.203474
587,Rhonda Booth,andrewwallace@example.net,Japan,2025-06-26,True,2025-10-19 18:15:18.204473
588,Elizabeth Smith,david18@example.org,Canada,2025-07-07,True,2025-10-19 18:15:18.204473
589,Frank Porter,cheyenne20@example.org,USA,2024-08-01,True,2025-10-19 18:15:18.204473
590,Heather Thomas,kgonzalez@example.com,France,2023-04-11,False,2025-10-19 18:15:18.204473
591,Alejandro Garcia,jonesjessica@example.com,Australia,2025-07-15,True,2025-10-19 18:15:18.205474
592,Steve Gonzalez,wendyhodge@example.com,Japan,2024-08-16,True,2025-10-19 18:15:18.205474
593,Felicia Williams,hooveramanda@example.org,USA,2024-02-15,True,2025-10-19 18:15:18.206474
594,Andrea Wallace,josephbartlett@example.net,Japan,2023-04-04,False,2025-10-19 18:15:18.206474
595,Hannah Hall,taylor47@example.com,Canada,2023-09-23,True,2025-10-19 18:15:18.206474
596,Andrew Herrera,griffinmisty@example.net,France,2024-10-31,True,2025-10-19 18:15:18.206474
597,Charles Daniel,bradleylee@example.com,UK,2025-05-05,True,2025-10-19 18:15:18.207474
598,Roberta Garcia,sjohnston@example.org,Japan,2024-10-11,True,2025-10-19 18:15:18.207474
599,Garrett Morris,john16@example.com,Japan,2024-02-29,False,2025-10-19 18:15:18.207474
600,Angela Flores,rmoore@example.org,USA,2025-04-11,True,2025-10-19 18:15:18.207474
601,Jacob Ruiz,rileydecker@example.com,Australia,2025-07-19,True,2025-10-19 18:15:18.208473
602,William Gonzalez DVM,suzanne46@example.com,Australia,2024-04-06,True,2025-10-19 18:15:18.208473
603,Lindsey Becker,gabriela97@example.net,USA,2023-04-07,True,2025-10-19 18:15:18.208473
604,Victoria Keller,danieljones@example.net,USA,2023-12-03,True,2025-10-19 18:15:18.208473
605,Evan Stephenson,luis15@example.org,UK,2025-08-14,True,2025-10-19 18:15:18.209474
606,Sabrina Smith,diana06@example.net,UK,2023-02-04,True,2025-10-19 18:15:18.209474
607,Maria Johnson,jennifer59@example.net,UK,2024-09-14,True,2025-10-19 18:15:18.209474
608,David Burnett,wbaker@example.net,Australia,2025-09-08,True,2025-10-19 18:15:18.209474
609,Travis Miller,samantha99@example.net,UK,2024-03-28,True,2025-10-19 18:15:18.209474
610,Lisa Stewart,dfrancis@example.org,Japan,2023-04-06,True,2025-10-19 18:15:18.210474
611,Sarah Schneider,howardnicole@example.org,Germany,2023-05-30,True,2025-10-19 18:15:18.210474
612,Jennifer Mckay,hannahwheeler@example.org,Australia,2024-07-25,True,2025-10-19 18:15:18.210474
613,Terry Mcdonald,darrenoneill@example.net,France,2024-02-19,True,2025-10-19 18:15:18.210474
614,Angel Allen,angelafisher@example.com,Australia,2023-12-28,True,2025-10-19 18:15:18.211473
615,Eric Wilson,troy38@example.org,UK,2025-01-04,True,2025-10-19 18:15:18.211473
616,Rebekah Sheppard,mcconnelljacqueline@example.org,UK,2025-07-21,False,2025-10-19 18:15:18.211473
617,Ronald Rivera,dalemason@example.net,Japan,2025-04-08,True,2025-10-19 18:15:18.211473
618,Mark Mullen,cynthia14@example.org,Germany,2023-09-25,True,2025-10-19 18:15:18.211473
619,Tammy Best,christinehouston@example.net,Canada,2023-10-02,True,2025-10-19 18:15:18.211473
620,Elizabeth White,qmoore@example.org,Canada,2023-10-09,True,2025-10-19 18:15:18.212980
621,Tara Mitchell,garciajames@example.net,Australia,2024-02-19,True,2025-10-19 18:15:18.212980
622,Courtney Bailey,costaalexandra@example.org,Japan,2024-10-10,False,2025-10-19 18:15:18.212980
623,Jenna Cherry,dickersonsheila@example.org,UK,2025-07-13,True,2025-10-19 18:15:18.212980
624,Sonya Schmidt,caleb23@example.org,USA,2024-08-26,True,2025-10-19 18:15:18.213989
625,Charles Patel,amymarsh@example.com,Canada,2023-09-02,True,2025-10-19 18:15:18.213989
626,Diane Owen,lshaw@example.org,Canada,2024-10-05,True,2025-10-19 18:15:18.213989
627,Juan Snyder,ryanarellano@example.com,France,2024-07-29,True,2025-10-19 18:15:18.213989
628,Gary Decker,benjaminmary@example.com,Japan,2023-03-15,True,2025-10-19 18:15:18.214989
629,Brian Robinson,vcooper@example.net,Germany,2024-09-30,False,2025-10-19 18:15:18.214989
630,William Larson,ray80@example.com,UK,2025-04-18,True,2025-10-19 18:15:18.214989
631,Joseph Sims,ryanhobbs@example.org,Australia,2023-06-25,True,2025-10-19 18:15:18.214989
632,Brittany Prince,andrea36@example.net,Germany,2024-07-23,True,2025-10-19 18:15:18.215988
633,Jennifer Ponce,robin93@example.com,Japan,2024-12-22,True,2025-10-19 18:15:18.215988
634,Donald Brown,lrodriguez@example.org,Canada,2024-07-10,True,2025-10-19 18:15:18.215988
635,Frank Frederick,jgreen@example.com,USA,2024-08-19,True,2025-10-19 18:15:18.215988
636,Dana Taylor,rmartin@example.org,Japan,2023-05-24,True,2025-10-19 18:15:18.216989
637,Micheal Walton,nrodriguez@example.org,Australia,2024-10-07,True,2025-10-19 18:15:18.216989
638,James Thornton,mike13@example.net,Australia,2024-10-12,True,2025-10-19 18:15:18.216989
639,Emily Fletcher,qwilliams@example.org,Australia,2025-02-19,True,2025-10-19 18:15:18.216989
640,Vanessa Schwartz,banksrodney@example.com,France,2023-08-23,True,2025-10-19 18:15:18.217989
641,Mark Warren,tperez@example.net,UK,2025-03-27,True,2025-10-19 18:15:18.217989
642,Joseph Ball,tracy16@example.net,USA,2022-11-28,True,2025-10-19 18:15:18.217989
643,Gerald Harrison,douglasandrew@example.org,Canada,2025-06-26,True,2025-10-19 18:15:18.217989
644,Jeremy Carrillo,heather05@example.com,Australia,2025-03-19,True,2025-10-19 18:15:18.217989
645,Tyler Solomon,janiceirwin@example.org,Japan,2023-06-05,True,2025-10-19 18:15:18.218989
646,Nathaniel Morgan,zwheeler@example.net,Australia,2025-09-24,False,2025-10-19 18:15:18.218989
647,Sandra Douglas,vpotter@example.org,Australia,2024-12-20,True,2025-10-19 18:15:18.218989
648,Frederick Duran,bowenkaren@example.org,France,2024-12-14,True,2025-10-19 18:15:18.218989
649,Kyle Dunn,romerobrenda@example.net,Germany,2023-12-13,True,2025-10-19 18:15:18.219989
650,Angela Moss,phawkins@example.net,Australia,2025-09-18,True,2025-10-19 18:15:18.219989
651,Benjamin Clark,stokessamuel@example.org,Germany,2024-05-14,True,2025-10-19 18:15:18.219989
652,Tricia Brown,yvonne30@example.net,Australia,2023-01-25,True,2025-10-19 18:15:18.219989
653,Kevin Hunt,millerkevin@example.net,Australia,2024-09-25,False,2025-10-19 18:15:18.220989
654,Joshua Grant,raustin@example.org,France,2024-09-12,False,2025-10-19 18:15:18.221601
655,Karina Miles,mcdonaldrobert@example.org,Canada,2022-10-31,True,2025-10-19 18:15:18.221601
656,Antonio Lowe,marcus16@example.net,Canada,2023-03-30,True,2025-10-19 18:15:18.221601
657,Catherine Evans,vincent10@example.org,Canada,2022-11-29,True,2025-10-19 18:15:18.221601
658,Jesus Frank,todd43@example.net,Canada,2025-06-13,False,2025-10-19 18:15:18.221601
659,Ashlee Smith,edward19@example.org,Germany,2024-03-19,True,2025-10-19 18:15:18.222609
660,Abigail Garcia,mortonkelly@example.com,Australia,2023-01-18,True,2025-10-19 18:15:18.222609
661,Daniel Clark,landrynicholas@example.com,Australia,2024-04-20,True,2025-10-19 18:15:18.222609
662,Kimberly Campbell,elizabethwalker@example.net,Canada,2025-02-17,True,2025-10-19 18:15:18.222609
663,John Bell,redwards@example.org,UK,2023-07-20,True,2025-10-19 18:15:18.223609
664,Kelly Wells,skinnermichael@example.org,Japan,2024-07-16,True,2025-10-19 18:15:18.223609
665,Ryan Mejia,apena@example.org,Canada,2024-02-05,True,2025-10-19 18:15:18.223609
666,Adriana Snyder,sarachen@example.net,Australia,2024-01-26,True,2025-10-19 18:15:18.223609
667,Jose Chen,rachelperez@example.net,Japan,2024-04-15,True,2025-10-19 18:15:18.224609
668,Cindy Johnson,nhooper@example.org,Germany,2022-12-31,False,2025-10-19 18:15:18.224609
669,Gary Davis,williamsryan@example.com,USA,2023-03-29,False,2025-10-19 18:15:18.224609
670,Kenneth Moore,jonathanschwartz@example.com,UK,2023-09-16,True,2025-10-19 18:15:18.225610
671,Rebecca Garcia,qchen@example.com,Canada,2024-10-01,True,2025-10-19 18:15:18.225610
672,Joseph Jacobs,carl00@example.net,Japan,2023-09-09,True,2025-10-19 18:15:18.225610
673,Daniel Parks,cookbeth@example.com,Canada,2025-04-11,True,2025-10-19 18:15:18.225610
674,Jennifer Hernandez,anthonymartinez@example.com,France,2023-03-12,True,2025-10-19 18:15:18.226609
675,Benjamin Davis,collinsmichael@example.net,USA,2025-10-03,True,2025-10-19 18:15:18.226609
676,Katherine Bennett,martinjames@example.org,Canada,2022-11-16,True,2025-10-19 18:15:18.226609
677,David Maddox,sgentry@example.org,Canada,2024-12-09,True,2025-10-19 18:15:18.226609
678,Adam Henderson,andrewscory@example.com,Germany,2023-03-19,True,2025-10-19 18:15:18.227609
679,Barbara Martin,cshaw@example.net,Australia,2022-11-03,True,2025-10-19 18:15:18.227609
680,Donna Jordan,mike43@example.net,Canada,2024-10-18,True,2025-10-19 18:15:18.227609
681,Ashley Martinez,morseamanda@example.net,France,2024-11-11,True,2025-10-19 18:15:18.227609
682,Joanna Day,shannonlowe@example.org,Japan,2024-07-01,True,2025-10-19 18:15:18.228609
683,Renee Baker,cmills@example.com,USA,2024-12-14,False,2025-10-19 18:15:18.228609
684,Barbara Johnson,dsmith@example.net,Australia,2025-10-08,True,2025-10-19 18:15:18.228609
685,Amanda Aguirre,austinramirez@example.org,Germany,2024-12-24,True,2025-10-19 18:15:18.228609
686,Anthony Warren,jennifer31@example.com,UK,2023-07-15,False,2025-10-19 18:15:18.229609
687,Nicholas Heath,laurensalazar@example.org,Australia,2022-11-06,False,2025-10-19 18:15:18.229609
688,Philip Delgado,gilldillon@example.com,Australia,2024-07-21,True,2025-10-19 18:15:18.229609
689,Miguel Pope,christieclark@example.org,France,2023-08-09,True,2025-10-19 18:15:18.229609
690,Ashley Solomon,rgomez@example.net,Japan,2023-09-13,True,2025-10-19 18:15:18.230609
691,Kenneth Santos,jeffersontamara@example.com,Japan,2025-10-04,True,2025-10-19 18:15:18.230609
692,Sarah Quinn,cynthiaanderson@example.com,USA,2025-03-30,True,2025-10-19 18:15:18.230609
693,David Potts,sarah34@example.com,USA,2024-07-22,False,2025-10-19 18:15:18.230609
694,Megan Burton,benjaminnathan@example.net,Japan,2023-09-19,True,2025-10-19 18:15:18.231609
695,Lauren Ray,ydurham@example.com,USA,2025-09-21,True,2025-10-19 18:15:18.231609
696,Mariah Bowman,jason39@example.org,Japan,2024-09-07,True,2025-10-19 18:15:18.231609
697,Kristy Davis,froberts@example.net,Japan,2024-02-23,False,2025-10-19 18:15:18.231609
698,John Williams,judith99@example.net,USA,2024-06-02,True,2025-10-19 18:15:18.232609
699,Shawn Beltran,bishopsharon@example.com,Japan,2023-01-02,True,2025-10-19 18:15:18.232609
700,Eric Freeman,fieldscourtney@example.com,Germany,2023-05-15,True,2025-10-19 18:15:18.232609
701,Shannon Dawson,awilson@example.net,USA,2024-03-25,True,2025-10-19 18:15:18.232609
702,Stephen Miller,walkerpatrick@example.net,Canada,2023-11-08,True,2025-10-19 18:15:18.233609
703,Carla Bush,lynnmiller@example.com,USA,2023-05-01,True,2025-10-19 18:15:18.233609
704,Bridget Hood,perezryan@example.com,Germany,2025-05-08,True,2025-10-19 18:15:18.233609
705,Emily King,turnerjessica@example.com,Japan,2025-05-19,True,2025-10-19 18:15:18.233609
706,Christian Parrish,tammie99@example.net,Germany,2025-07-10,True,2025-10-19 18:15:18.234609
707,Joshua Smith,madams@example.net,USA,2025-09-17,True,2025-10-19 18:15:18.234609
708,Rebecca Castro,tyler75@example.org,UK,2023-02-07,False,2025-10-19 18:15:18.234609
709,Kathleen King,ysmith@example.net,Germany,2022-12-16,True,2025-10-19 18:15:18.234609
710,Jeremy Garza,carrieespinoza@example.net,Canada,2025-04-21,True,2025-10-19 18:15:18.235609
711,Emily Robinson,gonzalezyolanda@example.com,Canada,2024-05-30,True,2025-10-19 18:15:18.235609
712,Joel Pratt,bentleycharles@example.net,Germany,2025-08-17,True,2025-10-19 18:15:18.235609
713,Andrea Harrell,kimberlysmith@example.com,Japan,2024-10-23,True,2025-10-19 18:15:18.235609
714,Donna Jefferson,garciamargaret@example.org,UK,2023-11-26,True,2025-10-19 18:15:18.236609
715,Brent Downs,john65@example.com,Canada,2023-03-24,False,2025-10-19 18:15:18.236609
716,Dylan Anderson,millerrachel@example.org,Canada,2024-09-15,True,2025-10-19 18:15:18.236609
717,Kelly Johnson,kimberlysmith@example.org,Germany,2022-11-09,True,2025-10-19 18:15:18.237609
718,Andrew Smith,jessica23@example.org,UK,2025-08-28,True,2025-10-19 18:15:18.237609
719,David Perez,nancy48@example.org,Germany,2023-05-25,True,2025-10-19 18:15:18.237609
720,Stacey Rogers MD,jay21@example.net,Japan,2024-05-01,False,2025-10-19 18:15:18.237609
721,Christina Moore,sara15@example.com,Germany,2024-08-08,True,2025-10-19 18:15:18.237609
722,Stephanie Campos,hebertjohn@example.net,Australia,2025-02-19,True,2025-10-19 18:15:18.238609
723,Joseph Lee,schmidtshannon@example.com,France,2023-03-01,True,2025-10-19 18:15:18.238609
724,William Henry,anthonyrojas@example.net,UK,2023-12-02,True,2025-10-19 18:15:18.238609
725,Nicole Jordan,julieallen@example.net,USA,2023-01-26,True,2025-10-19 18:15:18.239609
726,Jacob Boyd,roseferguson@example.net,Germany,2023-04-17,True,2025-10-19 18:15:18.239609
727,Jon Harper,jorgerogers@example.org,UK,2023-07-31,True,2025-10-19 18:15:18.239609
728,Richard Floyd,frobinson@example.org,Australia,2025-03-12,True,2025-10-19 18:15:18.239609
729,Jeffrey Smith,djohnson@example.org,Australia,2023-09-27,True,2025-10-19 18:15:18.240609
730,Jason Brooks,bryantolivia@example.org,Germany,2025-10-06,True,2025-10-19 18:15:18.240609
731,Regina Hernandez,wterry@example.net,UK,2023-09-07,True,2025-10-19 18:15:18.240609
732,Kelly Holmes,luisgriffin@example.com,Canada,2024-09-12,True,2025-10-19 18:15:18.240609
733,Patrick Walters,ekeller@example.org,USA,2023-12-15,True,2025-10-19 18:15:18.241610
734,John Adams,deborah01@example.org,Australia,2025-10-10,True,2025-10-19 18:15:18.241610
735,Rebecca James,charleswood@example.com,USA,2024-10-14,True,2025-10-19 18:15:18.241610
736,Jacqueline Lee,sfreeman@example.com,UK,2023-02-26,True,2025-10-19 18:15:18.241610
737,Michael Carrillo,riggsmichael@example.net,France,2024-02-27,True,2025-10-19 18:15:18.242609
738,Michael Martin,nicholasramos@example.net,Canada,2024-05-23,True,2025-10-19 18:15:18.242609
739,Amy Patterson,martinezjoseph@example.org,Australia,2023-08-30,True,2025-10-19 18:15:18.242609
740,Sandra Thompson,theresa07@example.net,USA,2025-03-09,True,2025-10-19 18:15:18.242609
741,Cassie Mcintosh,williamchen@example.org,Japan,2024-04-13,True,2025-10-19 18:15:18.243611
742,Nathaniel Martin,cynthiajones@example.org,Japan,2023-04-04,True,2025-10-19 18:15:18.243611
743,Sara Hendrix,aheath@example.org,UK,2023-08-29,True,2025-10-19 18:15:18.243611
744,Scott Forbes,andreawatkins@example.net,UK,2023-05-07,True,2025-10-19 18:15:18.243611
745,Kevin Durham,melissajones@example.net,UK,2024-11-10,True,2025-10-19 18:15:18.244609
746,Kevin Carr,nancy94@example.com,Japan,2023-10-24,True,2025-10-19 18:15:18.244609
747,Anthony Jackson,drangel@example.com,Australia,2023-01-09,True,2025-10-19 18:15:18.244609
748,Laurie Schmidt,crawfordabigail@example.net,UK,2024-11-14,False,2025-10-19 18:15:18.244609
749,Lisa Webb,briana00@example.net,USA,2024-10-25,True,2025-10-19 18:15:18.245609
750,Travis Dickson MD,zhudson@example.com,Canada,2023-01-03,True,2025-10-19 18:15:18.245609
751,Cynthia Glass,whiteheadelijah@example.net,UK,2023-02-16,False,2025-10-19 18:15:18.245609
752,Michael Wolfe,hansenanthony@example.org,UK,2023-12-14,True,2025-10-19 18:15:18.245609
753,Anthony Woodard,madisonknight@example.org,USA,2025-03-13,True,2025-10-19 18:15:18.246609
754,Brooke Christensen,samanthavelez@example.org,Canada,2023-10-07,True,2025-10-19 18:15:18.246609
755,Jocelyn Simmons,melaniepierce@example.net,Germany,2024-11-26,False,2025-10-19 18:15:18.246609
756,John Houston,yramirez@example.com,UK,2023-06-04,True,2025-10-19 18:15:18.246609
757,Christine Hernandez,robertbarnett@example.com,Canada,2024-03-14,True,2025-10-19 18:15:18.247609
758,Jason Robinson MD,gonzalesmichael@example.org,Germany,2024-06-29,True,2025-10-19 18:15:18.247609
759,Kevin Taylor,schmidtchristina@example.org,Germany,2024-07-05,True,2025-10-19 18:15:18.247609
760,Anthony Thomas,taylorjessica@example.com,Australia,2025-03-19,True,2025-10-19 18:15:18.248609
761,Steve Allen,samantha42@example.com,Japan,2024-01-28,True,2025-10-19 18:15:18.248609
762,Phillip Cisneros,dbaldwin@example.com,UK,2024-01-02,True,2025-10-19 18:15:18.248609
763,Noah Edwards,michaelmartin@example.com,Germany,2024-04-01,True,2025-10-19 18:15:18.248609
764,Jay Cox,lorikelly@example.net,Canada,2024-07-27,True,2025-10-19 18:15:18.249609
765,Joshua Wood,yhayes@example.com,USA,2024-12-24,False,2025-10-19 18:15:18.249609
766,Kristen Mullins,ucline@example.com,USA,2024-06-27,False,2025-10-19 18:15:18.249609
767,Anthony Wilson,ushaw@example.com,Australia,2025-03-02,True,2025-10-19 18:15:18.249609
768,Cody Hensley,mshields@example.net,UK,2023-09-26,True,2025-10-19 18:15:18.249609
769,Scott Hughes,danieljohn@example.net,USA,2023-01-11,True,2025-10-19 18:15:18.250609
770,Kevin Hernandez,nbentley@example.org,Germany,2025-07-08,True,2025-10-19 18:15:18.250609
771,Jordan Sanders,millersteven@example.org,France,2023-07-02,True,2025-10-19 18:15:18.250609
772,Sonya Hebert,jaclyn98@example.org,Germany,2024-01-03,True,2025-10-19 18:15:18.251609
773,Rhonda Adams,pspence@example.com,Australia,2025-03-11,True,2025-10-19 18:15:18.251609
774,Crystal Conner,matthewmartinez@example.com,Canada,2024-03-30,False,2025-10-19 18:15:18.251609
775,Judy Rios,morrisjamie@example.net,Japan,2023-09-27,True,2025-10-19 18:15:18.251609
776,Kristy Pearson,nashmary@example.org,UK,2025-07-05,True,2025-10-19 18:15:18.252609
777,Tyler Morse MD,ann58@example.net,UK,2024-04-16,True,2025-10-19 18:15:18.252609
778,Jacob Maynard,jonathan32@example.org,France,2025-09-10,True,2025-10-19 18:15:18.252609
779,Joanna Harris,jfletcher@example.net,France,2025-07-05,True,2025-10-19 18:15:18.252609
780,Tammy Frazier,jack27@example.net,UK,2025-08-19,True,2025-10-19 18:15:18.253609
781,Manuel Hernandez,mary89@example.com,Germany,2025-08-13,True,2025-10-19 18:15:18.253609
782,Martin Mayer,andradejeffrey@example.net,France,2023-08-31,True,2025-10-19 18:15:18.253609
783,Robert Pena,zrobinson@example.net,Canada,2022-10-27,True,2025-10-19 18:15:18.253609
784,Amanda Potter,munozelizabeth@example.com,Canada,2024-12-01,True,2025-10-19 18:15:18.253609
785,Tara Smith,bennetterin@example.org,Australia,2022-11-08,True,2025-10-19 18:15:18.254609
786,Laura Owens,matthewpeters@example.org,USA,2024-05-08,False,2025-10-19 18:15:18.254609
787,Kim Cain,kennedyjames@example.net,UK,2025-06-02,True,2025-10-19 18:15:18.254609
788,Garrett Simmons,lisa01@example.net,UK,2022-11-15,True,2025-10-19 18:15:18.255609
789,David Smith,victoria37@example.org,Germany,2023-08-09,True,2025-10-19 18:15:18.255609
790,Julie Ellis,rperkins@example.net,Australia,2024-09-21,True,2025-10-19 18:15:18.255609
791,James Cox,matthew55@example.com,Germany,2025-06-24,True,2025-10-19 18:15:18.255609
792,Robert Harper,adamsdonald@example.com,Australia,2023-02-04,True,2025-10-19 18:15:18.255609
793,Amber Schroeder,katie54@example.com,Australia,2023-05-09,True,2025-10-19 18:15:18.256609
794,Thomas Richardson,brandonmorrison@example.com,Japan,2025-07-07,True,2025-10-19 18:15:18.256609
795,James Walker,jacksonnichole@example.org,USA,2025-07-06,True,2025-10-19 18:15:18.256609
796,Bonnie Edwards,joshua27@example.org,Canada,2022-10-28,True,2025-10-19 18:15:18.256609
797,Micheal Sanchez,eric00@example.net,France,2023-02-01,True,2025-10-19 18:15:18.257609
798,Kevin Pitts,margaretdillon@example.net,Australia,2024-06-20,True,2025-10-19 18:15:18.257609
799,Sheila Kelley,stephanie24@example.com,Australia,2024-05-04,True,2025-10-19 18:15:18.257609
800,Gina Tate,gentrybryan@example.com,Australia,2024-08-09,True,2025-10-19 18:15:18.257609
801,Eddie Jones,angelasmith@example.com,Japan,2024-05-08,True,2025-10-19 18:15:18.258609
802,Jack Gordon,jamescox@example.com,France,2023-02-26,True,2025-10-19 18:15:18.258609
803,Ashley Ramsey PhD,martin39@example.com,France,2024-11-17,True,2025-10-19 18:15:18.258609
804,Scott Barton,ltucker@example.net,France,2023-06-25,False,2025-10-19 18:15:18.258609
805,Jacob Pena,bfox@example.org,Germany,2025-06-05,True,2025-10-19 18:15:18.259609
806,Jodi Vargas,camerongarcia@example.com,France,2023-06-30,True,2025-10-19 18:15:18.259609
807,Elizabeth Sexton,ggregory@example.net,Canada,2025-05-01,True,2025-10-19 18:15:18.259609
808,Jessica Reid,monicajones@example.org,UK,2025-06-28,False,2025-10-19 18:15:18.259609
809,Tina Manning,rhardin@example.com,UK,2023-06-07,True,2025-10-19 18:15:18.259609
810,Loretta Anderson,hthomas@example.org,France,2023-06-08,True,2025-10-19 18:15:18.260609
811,Dawn Boyd,lhampton@example.com,USA,2024-08-30,True,2025-10-19 18:15:18.260609
812,Chase Smith,youngkristina@example.org,USA,2022-11-24,True,2025-10-19 18:15:18.260609
813,Todd Howard,lloydkelsey@example.com,USA,2025-07-21,True,2025-10-19 18:15:18.260609
814,Amy Sparks,terrybryant@example.org,UK,2023-06-18,True,2025-10-19 18:15:18.261617
815,Tracy Rice,laura39@example.net,UK,2024-04-26,True,2025-10-19 18:15:18.261617
816,John Cohen,hardingsamantha@example.com,Germany,2025-02-19,True,2025-10-19 18:15:18.261617
817,Paul Miller,davisclayton@example.org,UK,2025-05-13,True,2025-10-19 18:15:18.261617
818,Jill Stephens,mikaylazimmerman@example.net,Australia,2023-01-12,True,2025-10-19 18:15:18.262616
819,Marc Peterson,ivan01@example.com,Japan,2023-12-23,True,2025-10-19 18:15:18.262616
820,James Simmons,kelly82@example.com,Canada,2025-06-01,True,2025-10-19 18:15:18.262616
821,Kerri Meyer,oconnelllisa@example.com,USA,2023-10-03,True,2025-10-19 18:15:18.262616
822,Amanda Nichols,frankdawn@example.com,Japan,2024-11-04,True,2025-10-19 18:15:18.263616
823,Erin Herrera,chad60@example.org,France,2023-10-24,False,2025-10-19 18:15:18.263616
824,Gregory Meyers,garciadylan@example.org,UK,2022-12-14,True,2025-10-19 18:15:18.263616
825,Christina Wilson,jsmith@example.net,France,2025-03-12,True,2025-10-19 18:15:18.263616
826,Patricia Reyes,pcole@example.com,USA,2023-09-16,True,2025-10-19 18:15:18.264616
827,Monica Greer,kelliwells@example.org,Japan,2024-11-03,True,2025-10-19 18:15:18.264616
828,Christy Williams,wilsonandrew@example.com,France,2024-07-16,False,2025-10-19 18:15:18.264616
829,Dr. Christopher Johnson DDS,yevans@example.com,Japan,2024-10-17,True,2025-10-19 18:15:18.264616
830,Vincent Smith,joshua75@example.org,Canada,2025-07-29,True,2025-10-19 18:15:18.264616
831,Susan Gibson,dillongarcia@example.org,UK,2024-10-13,True,2025-10-19 18:15:18.265617
832,Christina Dennis,udavis@example.net,France,2024-10-08,True,2025-10-19 18:15:18.265617
833,Gregory Alvarado,valeriemullins@example.com,Japan,2024-09-09,True,2025-10-19 18:15:18.265617
834,Kevin Miranda,melissa06@example.org,Japan,2025-08-24,True,2025-10-19 18:15:18.266617
835,Joshua Ramirez,bridget60@example.com,Germany,2025-09-21,True,2025-10-19 18:15:18.266617
836,Linda Young,yoliver@example.org,USA,2022-11-24,True,2025-10-19 18:15:18.266617
837,Ashley Brown,joshua94@example.org,Germany,2025-07-23,False,2025-10-19 18:15:18.267617
838,Anthony Osborn,omiller@example.com,UK,2023-05-07,True,2025-10-19 18:15:18.267617
839,Andrew Miller,brad99@example.com,Japan,2024-02-02,True,2025-10-19 18:15:18.267617
840,Jay Carter,shawnmeza@example.com,Germany,2025-08-09,True,2025-10-19 18:15:18.267617
841,Jared Palmer,edward62@example.com,USA,2025-02-13,True,2025-10-19 18:15:18.268617
842,Anthony Adams,aguilarnicholas@example.net,USA,2024-02-03,True,2025-10-19 18:15:18.268617
843,Yvette Ferguson,turnermark@example.com,Japan,2023-09-27,True,2025-10-19 18:15:18.269628
844,Steven Reynolds,ihendricks@example.net,Germany,2023-06-02,True,2025-10-19 18:15:18.269628
845,Anna Graham,jeffrey03@example.com,France,2024-08-24,True,2025-10-19 18:15:18.269628
846,Brandy Mendoza,yjohnson@example.net,France,2023-01-14,True,2025-10-19 18:15:18.270616
847,Amy Conway,tommorales@example.net,Japan,2025-03-27,True,2025-10-19 18:15:18.270616
848,Melinda Alexander,andrewfloyd@example.com,Germany,2024-10-18,True,2025-10-19 18:15:18.270616
849,James Lowery,gregory13@example.net,UK,2024-05-27,True,2025-10-19 18:15:18.270616
850,Donna Boyer,andrew53@example.com,Germany,2023-09-30,True,2025-10-19 18:15:18.271616
851,Douglas Garner,edwardsangela@example.com,UK,2023-03-24,True,2025-10-19 18:15:18.271616
852,Natalie Johnson,reynoldsheather@example.net,Australia,2023-05-21,False,2025-10-19 18:15:18.271616
853,Amanda Vargas,robert06@example.com,Japan,2024-06-03,True,2025-10-19 18:15:18.271616
854,Andrea Fitzgerald,colemannicole@example.com,UK,2025-04-12,True,2025-10-19 18:15:18.272616
855,Stacy Smith,mary66@example.com,Germany,2025-02-20,True,2025-10-19 18:15:18.272616
856,Samantha Wang,sheltonann@example.com,UK,2024-12-20,True,2025-10-19 18:15:18.272616
857,Benjamin Kline,stephanierobinson@example.com,Japan,2025-07-23,True,2025-10-19 18:15:18.272616
858,Cathy Blackburn,cindyknight@example.net,France,2024-03-12,True,2025-10-19 18:15:18.273616
859,Kenneth Allen,joshua66@example.net,UK,2023-01-29,True,2025-10-19 18:15:18.273616
860,Isaac Garner,turnertodd@example.com,Japan,2023-07-08,True,2025-10-19 18:15:18.273616
861,David Daniel,valvarado@example.net,France,2022-11-29,False,2025-10-19 18:15:18.273616
862,Miranda Mcgrath,lori77@example.org,Japan,2024-06-27,True,2025-10-19 18:15:18.274616
863,Wendy Patterson,fwilson@example.com,Japan,2024-08-20,True,2025-10-19 18:15:18.274616
864,Deborah Leach,amy07@example.com,Japan,2023-02-08,True,2025-10-19 18:15:18.274616
865,Charles Willis,hectorzamora@example.org,Canada,2023-11-04,True,2025-10-19 18:15:18.274616
866,Benjamin Nichols,elizabethbowen@example.org,France,2024-04-19,True,2025-10-19 18:15:18.274616
867,Kenneth Ross,kyle64@example.net,USA,2024-02-27,True,2025-10-19 18:15:18.274616
868,Peter Jones,floressteven@example.com,France,2024-09-10,True,2025-10-19 18:15:18.274616
869,Brittany Michael,kelly16@example.net,USA,2025-04-10,True,2025-10-19 18:15:18.276123
870,Martha Green,brianmiller@example.org,Australia,2022-11-17,True,2025-10-19 18:15:18.276123
871,Samuel Johnson,nelsonchristina@example.org,USA,2025-01-24,False,2025-10-19 18:15:18.276123
872,Gregory Higgins,edwinsanders@example.com,Japan,2024-12-09,True,2025-10-19 18:15:18.276123
873,Raymond Richards,rachelmoore@example.com,Germany,2023-02-14,True,2025-10-19 18:15:18.277131
874,Tanner Cunningham,rebecca03@example.org,Canada,2023-04-07,True,2025-10-19 18:15:18.277131
875,Mark Briggs,rickycontreras@example.com,Germany,2025-07-02,True,2025-10-19 18:15:18.277131
876,Roger Brock,todom@example.org,Australia,2025-02-24,True,2025-10-19 18:15:18.277131
877,Allison Foster,justin17@example.com,Canada,2025-02-02,True,2025-10-19 18:15:18.278131
878,Jeffrey Anderson,stoneshannon@example.com,Australia,2024-07-22,True,2025-10-19 18:15:18.278131
879,Robert Floyd,brian38@example.com,Canada,2024-09-02,True,2025-10-19 18:15:18.278131
880,Susan Austin,waredavid@example.org,USA,2024-09-14,True,2025-10-19 18:15:18.278131
881,Donna Stout,rwilliams@example.org,Japan,2024-12-29,True,2025-10-19 18:15:18.279131
882,Ricardo Rodriguez,davidquinn@example.com,Japan,2023-09-04,True,2025-10-19 18:15:18.279131
883,Martin Young,joseph38@example.com,Australia,2024-05-14,True,2025-10-19 18:15:18.279131
884,Sharon Wade,griffincourtney@example.com,Japan,2024-06-02,True,2025-10-19 18:15:18.279131
885,Christopher Mccarty,ymoore@example.net,Japan,2024-06-08,True,2025-10-19 18:15:18.280131
886,Alyssa Obrien,natashaclark@example.com,UK,2023-05-10,True,2025-10-19 18:15:18.280131
887,Lauren Lane,stephaniehampton@example.org,Germany,2025-06-14,True,2025-10-19 18:15:18.280131
888,Danielle Gibbs,gjones@example.org,Germany,2023-07-25,True,2025-10-19 18:15:18.280131
889,Elizabeth Henry,scott19@example.org,USA,2024-07-22,True,2025-10-19 18:15:18.280131
890,Miranda Jordan,wrightsteven@example.com,USA,2023-08-28,False,2025-10-19 18:15:18.281131
891,Christina Collins,ashley74@example.org,France,2024-12-30,False,2025-10-19 18:15:18.281131
892,Mary Clayton,qsmith@example.org,Japan,2025-03-01,True,2025-10-19 18:15:18.281131
893,Jacob Mathis,leedenise@example.org,France,2024-05-02,True,2025-10-19 18:15:18.281131
894,Derek Lewis MD,steven29@example.net,France,2024-06-05,True,2025-10-19 18:15:18.282131
895,Kimberly Deleon,george30@example.net,USA,2024-02-29,True,2025-10-19 18:15:18.282131
896,Tiffany Gomez,annamiller@example.org,Germany,2024-04-25,True,2025-10-19 18:15:18.282131
897,Joel Miller,tyler52@example.org,Australia,2024-08-05,True,2025-10-19 18:15:18.282131
898,Crystal Mcmahon,robertstanya@example.org,USA,2024-02-29,True,2025-10-19 18:15:18.283131
899,Kelly Garcia,cynthiamiller@example.org,Canada,2024-11-26,True,2025-10-19 18:15:18.283131
900,Austin Duncan,kellyjoshua@example.net,Germany,2023-03-16,True,2025-10-19 18:15:18.283131
901,Steve Allen,stephensnathan@example.org,Canada,2024-08-03,True,2025-10-19 18:15:18.283131
902,Matthew Mata,brenda38@example.net,Japan,2023-11-23,True,2025-10-19 18:15:18.284131
903,Caitlin Williams,sandersmario@example.net,Japan,2024-07-13,True,2025-10-19 18:15:18.284639
904,James Martinez,hollandkim@example.com,UK,2024-01-14,True,2025-10-19 18:15:18.284639
905,Jessica Drake,onewman@example.net,USA,2023-01-04,True,2025-10-19 18:15:18.284639
906,Michelle Davies,jeremiahwhite@example.net,Germany,2023-09-30,True,2025-10-19 18:15:18.285648
907,Clarence Ward,marcuslee@example.net,Japan,2022-11-26,True,2025-10-19 18:15:18.285648
908,Miss Melissa Ellis MD,clarkkimberly@example.org,Canada,2024-02-28,True,2025-10-19 18:15:18.285648
909,Chris Blackwell,tiffany69@example.com,UK,2025-03-22,True,2025-10-19 18:15:18.285648
910,Stephanie Lee,twarren@example.org,USA,2024-03-25,True,2025-10-19 18:15:18.286648
911,Bobby Logan,rramirez@example.net,France,2024-10-31,False,2025-10-19 18:15:18.286648
912,Lisa Wheeler,karen17@example.org,USA,2024-12-30,True,2025-10-19 18:15:18.286648
913,James Brown,velazqueznicolas@example.org,Japan,2023-07-19,True,2025-10-19 18:15:18.286648
914,Melanie Peterson,debraluna@example.org,Canada,2024-04-14,True,2025-10-19 18:15:18.287648
915,Thomas Jenkins,christopher55@example.com,UK,2023-09-12,True,2025-10-19 18:15:18.287648
916,Mitchell Peterson,wilkinscorey@example.org,Germany,2022-11-05,True,2025-10-19 18:15:18.287648
917,Willie Foley,ynunez@example.net,Canada,2024-03-23,True,2025-10-19 18:15:18.287648
918,Christine Walker,ihunt@example.net,UK,2024-11-10,True,2025-10-19 18:15:18.288648
919,Deanna Bell,benjaminvega@example.com,Japan,2024-05-13,True,2025-10-19 18:15:18.288648
920,Sheila Long,amy62@example.org,UK,2025-01-08,True,2025-10-19 18:15:18.288648
921,Laura Reeves,ericksonhaley@example.com,France,2023-03-18,True,2025-10-19 18:15:18.289652
922,Taylor Hart,harperrebecca@example.org,USA,2024-05-25,False,2025-10-19 18:15:18.289652
923,Stephanie Gibson,hmartinez@example.net,Australia,2025-02-23,True,2025-10-19 18:15:18.289652
924,Mrs. Amber Roberts,pcastillo@example.net,Germany,2024-01-30,True,2025-10-19 18:15:18.290664
925,Christina Davis,jordanjennifer@example.org,Australia,2025-01-17,True,2025-10-19 18:15:18.290664
926,Tracy Phillips,lopezleonard@example.org,Australia,2024-09-23,True,2025-10-19 18:15:18.290664
927,Mark Cruz,morgansherman@example.com,Germany,2025-01-04,True,2025-10-19 18:15:18.291648
928,Micheal Diaz,heather94@example.net,UK,2023-03-15,True,2025-10-19 18:15:18.291648
929,Jay Campos,kimberlyjackson@example.net,UK,2025-04-16,True,2025-10-19 18:15:18.291648
930,Paul Wright,glennlawrence@example.net,UK,2025-10-11,True,2025-10-19 18:15:18.291648
931,Keith Bradley,kathleen18@example.com,Japan,2024-06-02,True,2025-10-19 18:15:18.291648
932,Diana Clark,jessica19@example.com,USA,2023-11-21,True,2025-10-19 18:15:18.292647
933,Erin Estrada,dhopkins@example.org,France,2023-05-16,True,2025-10-19 18:15:18.292647
934,Kim Sampson,krichmond@example.com,UK,2024-01-17,False,2025-10-19 18:15:18.292647
935,Briana Mora,montgomeryethan@example.com,USA,2024-08-19,True,2025-10-19 18:15:18.292647
936,Donald Acosta,trevordelgado@example.net,Japan,2023-10-13,True,2025-10-19 18:15:18.293648
937,Sarah Banks,jason73@example.com,Australia,2024-07-23,True,2025-10-19 18:15:18.293648
938,David Perez,cwilliams@example.com,France,2024-09-17,True,2025-10-19 18:15:18.293648
939,Mr. Kyle Collins,jacobsdonald@example.net,Canada,2023-09-17,True,2025-10-19 18:15:18.293648
940,Andrew Zavala,shermanstephanie@example.net,USA,2025-04-03,True,2025-10-19 18:15:18.294647
941,Jennifer Johnson,tammymoran@example.net,France,2023-12-28,True,2025-10-19 18:15:18.294647
942,Stephen Bates,cfowler@example.com,Australia,2025-01-22,True,2025-10-19 18:15:18.294647
943,Jessica Richards,joshuawilson@example.org,USA,2024-04-05,True,2025-10-19 18:15:18.294647
944,David Fisher,juliegibson@example.org,UK,2025-09-18,True,2025-10-19 18:15:18.295648
945,Gloria Sandoval,renee49@example.org,Japan,2023-10-18,True,2025-10-19 18:15:18.295648
946,Rebecca Reilly,pbell@example.com,Germany,2024-09-20,True,2025-10-19 18:15:18.295648
947,Kyle Gross,dguzman@example.net,Australia,2023-11-28,True,2025-10-19 18:15:18.295648
948,Daniel Christensen,ashleygonzalez@example.net,France,2024-06-27,True,2025-10-19 18:15:18.295648
949,Zachary Higgins,baileysharon@example.com,France,2023-02-11,True,2025-10-19 18:15:18.296648
950,Jason Sanford,mendezkaitlin@example.net,Germany,2023-12-24,True,2025-10-19 18:15:18.296648
951,Mr. Devin Pacheco DDS,gloversandra@example.org,Australia,2024-01-23,True,2025-10-19 18:15:18.296648
952,Greg Humphrey,dgrant@example.com,Japan,2024-06-12,False,2025-10-19 18:15:18.297647
953,Donna Turner,james14@example.org,Canada,2023-10-02,True,2025-10-19 18:15:18.297647
954,Kenneth White,mark79@example.net,UK,2024-10-04,True,2025-10-19 18:15:18.297647
955,Tyler Bryant,yhernandez@example.net,Japan,2024-11-25,True,2025-10-19 18:15:18.297647
956,Lisa Levine,sarahanderson@example.org,France,2024-06-11,True,2025-10-19 18:15:18.297647
957,Alice Smith,jjohnson@example.org,Japan,2024-12-10,True,2025-10-19 18:15:18.298647
958,Elizabeth Adams,isaacwaters@example.com,Japan,2025-04-17,True,2025-10-19 18:15:18.298647
959,James Liu,aarondaniel@example.com,Japan,2023-03-13,True,2025-10-19 18:15:18.298647
960,Megan Anderson,taylorkathleen@example.com,France,2025-07-13,True,2025-10-19 18:15:18.298647
961,Michelle Pena,michaelmartin@example.net,Australia,2023-03-09,True,2025-10-19 18:15:18.299648
962,Kimberly Foster,maryhall@example.net,France,2024-01-12,True,2025-10-19 18:15:18.299648
963,Rebecca Bailey,ryan62@example.org,Canada,2023-03-18,True,2025-10-19 18:15:18.300648
964,Thomas Trujillo,llee@example.org,USA,2023-06-02,True,2025-10-19 18:15:18.300648
965,Alex Roy,madeline42@example.com,USA,2022-11-09,True,2025-10-19 18:15:18.300648
966,Kristin Smith,drew74@example.com,Japan,2024-08-11,True,2025-10-19 18:15:18.301648
967,Amber Griffith,fjones@example.org,France,2023-02-07,True,2025-10-19 18:15:18.301648
968,Megan Campbell,ztaylor@example.com,USA,2025-04-17,True,2025-10-19 18:15:18.301648
969,Rebecca Pope,samanthathompson@example.net,Canada,2025-01-27,True,2025-10-19 18:15:18.301648
970,Robert Brown,nmeyer@example.com,Japan,2023-02-09,True,2025-10-19 18:15:18.302648
971,Brett Stout,paula30@example.net,France,2024-05-19,True,2025-10-19 18:15:18.302648
972,Andrea Lopez,patriciawoods@example.org,Japan,2023-03-06,True,2025-10-19 18:15:18.302648
973,Anthony Daniel,john77@example.org,UK,2023-04-28,True,2025-10-19 18:15:18.302648
974,Lisa Rogers,simpsonjames@example.com,UK,2023-03-29,True,2025-10-19 18:15:18.303648
975,Michael Chavez,nhernandez@example.org,UK,2025-02-24,True,2025-10-19 18:15:18.303648
976,Logan Dillon,christinejacobs@example.net,USA,2023-12-08,True,2025-10-19 18:15:18.303648
977,Michael Nelson,laurenbuchanan@example.com,UK,2024-08-04,False,2025-10-19 18:15:18.303648
978,Susan Brooks,markroberts@example.org,UK,2023-02-27,True,2025-10-19 18:15:18.304648
979,Marc Holland,loricole@example.org,Germany,2024-02-22,True,2025-10-19 18:15:18.304648
980,Natasha Park,donjones@example.com,USA,2024-11-09,True,2025-10-19 18:15:18.304648
981,Erin Berg,savannahsmith@example.net,France,2024-01-21,False,2025-10-19 18:15:18.304648
982,Kelly Walker,wilsonkaren@example.com,USA,2023-05-18,True,2025-10-19 18:15:18.305648
983,Brandi Crawford,jlane@example.com,France,2025-01-09,True,2025-10-19 18:15:18.305648
984,Daniel Hunter,laura67@example.net,France,2025-08-26,True,2025-10-19 18:15:18.305648
985,Scott Hammond,murrayaudrey@example.com,Canada,2022-11-05,False,2025-10-19 18:15:18.305648
986,Fernando Lawson,vkelley@example.net,USA,2023-03-17,True,2025-10-19 18:15:18.306647
987,Lauren Parker,ljohnson@example.org,Germany,2023-02-24,True,2025-10-19 18:15:18.306647
988,Brandy Harrell,ukim@example.net,Germany,2025-06-29,True,2025-10-19 18:15:18.306647
989,John Swanson,geraldwolfe@example.org,Canada,2022-10-21,True,2025-10-19 18:15:18.307662
990,Linda Werner,greerjoseph@example.org,USA,2025-03-19,True,2025-10-19 18:15:18.307662
991,Michelle Gonzales,mcbridepatricia@example.net,USA,2024-01-19,True,2025-10-19 18:15:18.307662
992,Rebecca Joseph,matthewsshawn@example.com,Germany,2023-03-14,True,2025-10-19 18:15:18.308647
993,Zachary Berry,cristina46@example.org,Canada,2023-09-18,True,2025-10-19 18:15:18.308647
994,Tracy Wilson,ypowell@example.com,UK,2022-12-02,True,2025-10-19 18:15:18.308647
995,Wayne Garcia,susanmiller@example.com,USA,2024-01-23,True,2025-10-19 18:15:18.308647
996,Carrie Simon,jeff96@example.com,Germany,2025-03-28,True,2025-10-19 18:15:18.309648
997,Drew French,vvalentine@example.org,USA,2022-11-30,True,2025-10-19 18:15:18.309648
998,Billy Powell,nwright@example.com,Germany,2023-08-31,True,2025-10-19 18:15:18.309648
999,Stephen White,garciajohn@example.com,France,2024-11-13,True,2025-10-19 18:15:18.309648
1000,Bryan West,brent87@example.net,France,2025-07-18,True,2025-10-19 18:15:18.310650
